,Date,Sponsor,Value
0,2022-01-07 00:00:00-05:00,Adidas,1.9368259228046096
1,2022-01-07 00:00:00-05:00,Budweiser,1.315432428706289
2,2022-01-07 00:00:00-05:00,Coca-Cola,-0.8736159641923429
3,2022-01-07 00:00:00-05:00,McDonalds,0.8015130633054046
4,2022-01-10 00:00:00-05:00,Adidas,1.9590363981501384
5,2022-01-10 00:00:00-05:00,Budweiser,1.6372768353735334
6,2022-01-10 00:00:00-05:00,Coca-Cola,-0.8343507363684552
7,2022-01-10 00:00:00-05:00,McDonalds,0.6013813913691674
8,2022-01-11 00:00:00-05:00,Adidas,2.125424528823533
9,2022-01-11 00:00:00-05:00,Budweiser,1.6758223291844312
10,2022-01-11 00:00:00-05:00,Coca-Cola,-0.8264998497589392
11,2022-01-11 00:00:00-05:00,McDonalds,0.4284372582082036
12,2022-01-12 00:00:00-05:00,Adidas,2.121917260544269
13,2022-01-12 00:00:00-05:00,Budweiser,1.5910238758953676
14,2022-01-12 00:00:00-05:00,Coca-Cola,-0.7911623784061633
15,2022-01-12 00:00:00-05:00,McDonalds,0.3378097726096774
16,2022-01-13 00:00:00-05:00,Adidas,2.123865877694758
17,2022-01-13 00:00:00-05:00,Budweiser,1.9726106060112671
18,2022-01-13 00:00:00-05:00,Coca-Cola,-0.6498124929950485
19,2022-01-13 00:00:00-05:00,McDonalds,0.3748150337204642
20,2022-01-14 00:00:00-05:00,Adidas,2.105161457670416
21,2022-01-14 00:00:00-05:00,Budweiser,2.2539854361353053
22,2022-01-14 00:00:00-05:00,Coca-Cola,-0.4574187366794152
23,2022-01-14 00:00:00-05:00,McDonalds,0.0953851955158741
24,2022-01-18 00:00:00-05:00,Adidas,2.0673638645580965
25,2022-01-18 00:00:00-05:00,Budweiser,2.0747547542099958
26,2022-01-18 00:00:00-05:00,Coca-Cola,-0.6498124929950485
27,2022-01-18 00:00:00-05:00,McDonalds,0.002495616207499
28,2022-01-19 00:00:00-05:00,Adidas,2.064636528322259
29,2022-01-19 00:00:00-05:00,Budweiser,1.8878143796698104
30,2022-01-19 00:00:00-05:00,Coca-Cola,-0.6105488072820614
31,2022-01-19 00:00:00-05:00,McDonalds,-0.0926619476797676
32,2022-01-20 00:00:00-05:00,Adidas,2.0568432726783827
33,2022-01-20 00:00:00-05:00,Budweiser,1.8280698292735489
34,2022-01-20 00:00:00-05:00,Coca-Cola,-0.7087072505090773
35,2022-01-20 00:00:00-05:00,McDonalds,-0.2505018926322461
36,2022-01-21 00:00:00-05:00,Adidas,1.9609850153006263
37,2022-01-21 00:00:00-05:00,Budweiser,1.7394180143087856
38,2022-01-21 00:00:00-05:00,Coca-Cola,-0.8264998497589392
39,2022-01-21 00:00:00-05:00,McDonalds,-0.1402401405364963
40,2022-01-24 00:00:00-05:00,Adidas,1.8943523763059644
41,2022-01-24 00:00:00-05:00,Budweiser,1.6507661993440228
42,2022-01-24 00:00:00-05:00,Coca-Cola,-1.018892063963669
43,2022-01-24 00:00:00-05:00,McDonalds,-0.2142530191056864
44,2022-01-25 00:00:00-05:00,Adidas,1.7373173653632978
45,2022-01-25 00:00:00-05:00,Budweiser,1.652694735971545
46,2022-01-25 00:00:00-05:00,Coca-Cola,-1.0738606071174894
47,2022-01-25 00:00:00-05:00,McDonalds,-0.4355293763599959
48,2022-01-26 00:00:00-05:00,Adidas,1.7661518047666018
49,2022-01-26 00:00:00-05:00,Budweiser,1.4407012008544275
50,2022-01-26 00:00:00-05:00,Coca-Cola,-1.1602434914856874
51,2022-01-26 00:00:00-05:00,McDonalds,-0.498211757425212
52,2022-01-27 00:00:00-05:00,Adidas,1.7065330958514284
53,2022-01-27 00:00:00-05:00,Budweiser,1.481173004345241
54,2022-01-27 00:00:00-05:00,Coca-Cola,-1.1406093354628386
55,2022-01-27 00:00:00-05:00,McDonalds,-0.5820411801561126
56,2022-01-28 00:00:00-05:00,Adidas,1.6110654109744236
57,2022-01-28 00:00:00-05:00,Budweiser,1.305796426411499
58,2022-01-28 00:00:00-05:00,Coca-Cola,-0.6733713212672021
59,2022-01-28 00:00:00-05:00,McDonalds,-0.0269599071466638
60,2022-01-31 00:00:00-05:00,Adidas,1.769269713503191
61,2022-01-31 00:00:00-05:00,Budweiser,1.3424133835948748
62,2022-01-31 00:00:00-05:00,Coca-Cola,-0.606622592921853
63,2022-01-31 00:00:00-05:00,McDonalds,0.2267951674511156
64,2022-02-01 00:00:00-05:00,Adidas,1.8226538179032632
65,2022-02-01 00:00:00-05:00,Budweiser,1.4580454111323544
66,2022-02-01 00:00:00-05:00,Coca-Cola,-0.7833084075748431
67,2022-02-01 00:00:00-05:00,McDonalds,0.1920531782239872
68,2022-02-02 00:00:00-05:00,Adidas,1.9157835260871048
69,2022-02-02 00:00:00-05:00,Budweiser,1.4946631106315975
70,2022-02-02 00:00:00-05:00,Coca-Cola,-0.5398723224656006
71,2022-02-02 00:00:00-05:00,McDonalds,0.4405182524273774
72,2022-02-03 00:00:00-05:00,Adidas,1.8253817606181395
73,2022-02-03 00:00:00-05:00,Budweiser,1.0880217353070292
74,2022-02-03 00:00:00-05:00,Coca-Cola,-0.3710389365330271
75,2022-02-03 00:00:00-05:00,McDonalds,0.3166650872916052
76,2022-02-04 00:00:00-05:00,Adidas,1.8538268404787688
77,2022-02-04 00:00:00-05:00,Budweiser,0.9723889654536804
78,2022-02-04 00:00:00-05:00,Coca-Cola,-0.6262552068337983
79,2022-02-04 00:00:00-05:00,McDonalds,0.2728605851393835
80,2022-02-07 00:00:00-05:00,Adidas,1.807846632179898
81,2022-02-07 00:00:00-05:00,Budweiser,1.0379139295214277
82,2022-02-07 00:00:00-05:00,Coca-Cola,-0.3749651508932355
83,2022-02-07 00:00:00-05:00,McDonalds,0.2570035438680884
84,2022-02-08 00:00:00-05:00,Adidas,1.79459749110627
85,2022-02-08 00:00:00-05:00,Budweiser,1.1496918530673377
86,2022-02-08 00:00:00-05:00,Coca-Cola,-0.2179088659303838
87,2022-02-08 00:00:00-05:00,McDonalds,0.274371003960232
88,2022-02-09 00:00:00-05:00,Adidas,1.9157835260871048
89,2022-02-09 00:00:00-05:00,Budweiser,1.1092207918923933
90,2022-02-09 00:00:00-05:00,Coca-Cola,-0.5948424077303245
91,2022-02-09 00:00:00-05:00,McDonalds,0.2577563969308982
92,2022-02-10 00:00:00-05:00,Adidas,1.8207058072318132
93,2022-02-10 00:00:00-05:00,Budweiser,1.4599732054440089
94,2022-02-10 00:00:00-05:00,Coca-Cola,-0.4613434089287229
95,2022-02-10 00:00:00-05:00,McDonalds,0.0319487832140431
96,2022-02-11 00:00:00-05:00,Adidas,1.586906318478407
97,2022-02-11 00:00:00-05:00,Budweiser,1.246052618331106
98,2022-02-11 00:00:00-05:00,Coca-Cola,-0.8893223637440856
99,2022-02-11 00:00:00-05:00,McDonalds,-0.0971932041423132
100,2022-02-14 00:00:00-05:00,Adidas,1.5230007124800624
101,2022-02-14 00:00:00-05:00,Budweiser,1.09765699528595
102,2022-02-14 00:00:00-05:00,Coca-Cola,-0.7361922931414393
103,2022-02-14 00:00:00-05:00,McDonalds,-0.230865269787408
104,2022-02-15 00:00:00-05:00,Adidas,1.683932654484187
105,2022-02-15 00:00:00-05:00,Budweiser,1.249907464638542
106,2022-02-15 00:00:00-05:00,Coca-Cola,-0.6458847365239366
107,2022-02-15 00:00:00-05:00,McDonalds,-0.1991476527233961
108,2022-02-16 00:00:00-05:00,Adidas,1.6827633628980865
109,2022-02-16 00:00:00-05:00,Budweiser,1.564042921006782
110,2022-02-16 00:00:00-05:00,Coca-Cola,-0.6498124929950485
111,2022-02-16 00:00:00-05:00,McDonalds,-0.2535227302739453
112,2022-02-17 00:00:00-05:00,Adidas,1.5284559914307765
113,2022-02-17 00:00:00-05:00,Budweiser,1.3597583361886705
114,2022-02-17 00:00:00-05:00,Coca-Cola,-0.1707942936078806
115,2022-02-17 00:00:00-05:00,McDonalds,-0.416650319273203
116,2022-02-18 00:00:00-05:00,Adidas,1.5085828862993724
117,2022-02-18 00:00:00-05:00,Budweiser,1.3385585372874371
118,2022-02-18 00:00:00-05:00,Coca-Cola,-0.0058840378137115
119,2022-02-18 00:00:00-05:00,McDonalds,-0.441569873469585
120,2022-02-22 00:00:00-05:00,Adidas,1.3519372348993806
121,2022-02-22 00:00:00-05:00,Budweiser,1.0263508752308532
122,2022-02-22 00:00:00-05:00,Coca-Cola,-0.1079717796227427
123,2022-02-22 00:00:00-05:00,McDonalds,-0.2829758972804894
124,2022-02-23 00:00:00-05:00,Adidas,1.2104884320049476
125,2022-02-23 00:00:00-05:00,Budweiser,1.2614705189291175
126,2022-02-23 00:00:00-05:00,Coca-Cola,-0.3788898231425404
127,2022-02-23 00:00:00-05:00,McDonalds,-0.6537860741464177
128,2022-02-24 00:00:00-05:00,Adidas,1.152817733761223
129,2022-02-24 00:00:00-05:00,Budweiser,1.1439106970799848
130,2022-02-24 00:00:00-05:00,Coca-Cola,-0.8029410214867884
131,2022-02-24 00:00:00-05:00,McDonalds,-0.8622250495973218
132,2022-02-25 00:00:00-05:00,Adidas,1.1750285123462716
133,2022-02-25 00:00:00-05:00,Budweiser,1.9167231288700493
134,2022-02-25 00:00:00-05:00,Coca-Cola,0.1158316915745545
135,2022-02-25 00:00:00-05:00,McDonalds,-0.5284201338421803
136,2022-02-28 00:00:00-05:00,Adidas,1.040983302313521
137,2022-02-28 00:00:00-05:00,Budweiser,1.103439635905042
138,2022-02-28 00:00:00-05:00,Coca-Cola,-0.1236750949526727
139,2022-02-28 00:00:00-05:00,McDonalds,-0.7790283062008931
140,2022-03-01 00:00:00-05:00,Adidas,0.8714787791011337
141,2022-03-01 00:00:00-05:00,Budweiser,0.5657475901291106
142,2022-03-01 00:00:00-05:00,Coca-Cola,-0.2296875090110089
143,2022-03-01 00:00:00-05:00,McDonalds,-1.169366713921398
144,2022-03-02 00:00:00-05:00,Adidas,0.9084970466490652
145,2022-03-02 00:00:00-05:00,Budweiser,0.5464748432236617
146,2022-03-02 00:00:00-05:00,Coca-Cola,-0.0490739378869069
147,2022-03-02 00:00:00-05:00,McDonalds,-1.069882895814043
148,2022-03-03 00:00:00-05:00,Adidas,0.7440581396051968
149,2022-03-03 00:00:00-05:00,Budweiser,0.3961521681827215
150,2022-03-03 00:00:00-05:00,Coca-Cola,-0.03336753833517
151,2022-03-03 00:00:00-05:00,McDonalds,-1.3956738733325118
152,2022-03-04 00:00:00-05:00,Adidas,0.4272592652864301
153,2022-03-04 00:00:00-05:00,Budweiser,-0.0451791123294398
154,2022-03-04 00:00:00-05:00,Coca-Cola,0.0058946052669163
155,2022-03-04 00:00:00-05:00,McDonalds,-1.459463737776507
156,2022-03-07 00:00:00-05:00,Adidas,0.1369580666358815
157,2022-03-07 00:00:00-05:00,Budweiser,-0.6079250609981729
158,2022-03-07 00:00:00-05:00,Coca-Cola,-0.5791360081785876
159,2022-03-07 00:00:00-05:00,McDonalds,-2.331271119031717
160,2022-03-08 00:00:00-05:00,Adidas,0.3804994281836527
161,2022-03-08 00:00:00-05:00,Budweiser,-0.4768743905468113
162,2022-03-08 00:00:00-05:00,Coca-Cola,-1.5293230624543075
163,2022-03-08 00:00:00-05:00,McDonalds,-2.4482225420048302
164,2022-03-09 00:00:00-05:00,Adidas,0.9646087905244942
165,2022-03-09 00:00:00-05:00,Budweiser,0.2092125359584057
166,2022-03-09 00:00:00-05:00,Coca-Cola,-1.4115320053153466
167,2022-03-09 00:00:00-05:00,McDonalds,-2.472524733126237
168,2022-03-10 00:00:00-05:00,Adidas,0.7647102670614692
169,2022-03-10 00:00:00-05:00,Budweiser,-0.0143440534492857
170,2022-03-10 00:00:00-05:00,Coca-Cola,-1.835581661548691
171,2022-03-10 00:00:00-05:00,McDonalds,-2.508216330441982
172,2022-03-11 00:00:00-05:00,Adidas,0.771724197140958
173,2022-03-11 00:00:00-05:00,Budweiser,-0.0374701620304354
174,2022-03-11 00:00:00-05:00,Coca-Cola,-1.8198752619969545
175,2022-03-11 00:00:00-05:00,McDonalds,-2.138381681488429
176,2022-03-14 00:00:00-04:00,Adidas,0.8254979643232235
177,2022-03-14 00:00:00-04:00,Budweiser,0.1803045290740358
178,2022-03-14 00:00:00-04:00,Coca-Cola,-1.4004920333574786
179,2022-03-14 00:00:00-04:00,McDonalds,-2.190782139738085
180,2022-03-15 00:00:00-04:00,Adidas,0.8032871857381765
181,2022-03-15 00:00:00-04:00,Budweiser,0.2477572874534359
182,2022-03-15 00:00:00-04:00,Coca-Cola,-0.9731977757832552
183,2022-03-15 00:00:00-04:00,McDonalds,-1.7055135556751082
184,2022-03-16 00:00:00-04:00,Adidas,1.0655326640707707
185,2022-03-16 00:00:00-04:00,Budweiser,0.6871607736539429
186,2022-03-16 00:00:00-04:00,Coca-Cola,-1.0364998862593715
187,2022-03-16 00:00:00-04:00,McDonalds,-1.2825197045400512
188,2022-03-17 00:00:00-04:00,Adidas,1.0928090588243375
189,2022-03-17 00:00:00-04:00,Budweiser,0.6967975182646018
190,2022-03-17 00:00:00-04:00,Coca-Cola,-0.7872438746004694
191,2022-03-17 00:00:00-04:00,McDonalds,-1.3334014967522128
192,2022-03-18 00:00:00-04:00,Adidas,1.1481414771353788
193,2022-03-18 00:00:00-04:00,Budweiser,0.868319249890906
194,2022-03-18 00:00:00-04:00,Coca-Cola,-0.7832868180221947
195,2022-03-18 00:00:00-04:00,McDonalds,-1.2232870163823604
196,2022-03-21 00:00:00-04:00,Adidas,1.0394249544242644
197,2022-03-21 00:00:00-04:00,Budweiser,0.7565405840291258
198,2022-03-21 00:00:00-04:00,Coca-Cola,-0.5933774023720378
199,2022-03-21 00:00:00-04:00,McDonalds,-1.4966751793035584
200,2022-03-22 00:00:00-04:00,Adidas,1.1169684545598737
201,2022-03-22 00:00:00-04:00,Budweiser,0.8008664915115087
202,2022-03-22 00:00:00-04:00,Coca-Cola,-0.5063360366480656
203,2022-03-22 00:00:00-04:00,McDonalds,-1.2840395487513574
204,2022-03-23 00:00:00-04:00,Adidas,0.9447359886326095
205,2022-03-23 00:00:00-04:00,Budweiser,0.5021489357412802
206,2022-03-23 00:00:00-04:00,Coca-Cola,-0.6645936260047067
207,2022-03-23 00:00:00-04:00,McDonalds,-1.4359226469345612
208,2022-03-24 00:00:00-04:00,Adidas,0.9692850471503393
209,2022-03-24 00:00:00-04:00,Budweiser,0.5830918004070373
210,2022-03-24 00:00:00-04:00,Coca-Cola,-0.435119813015391
211,2022-03-24 00:00:00-04:00,McDonalds,-1.1215246101318532
212,2022-03-25 00:00:00-04:00,Adidas,1.0101999425202095
213,2022-03-25 00:00:00-04:00,Budweiser,0.6563257147737888
214,2022-03-25 00:00:00-04:00,Coca-Cola,-0.2175156276499987
215,2022-03-25 00:00:00-04:00,McDonalds,-1.0212808699188454
216,2022-03-28 00:00:00-04:00,Adidas,1.0550114657120178
217,2022-03-28 00:00:00-04:00,Budweiser,0.8124302881179504
218,2022-03-28 00:00:00-04:00,Coca-Cola,-0.0632150948716323
219,2022-03-28 00:00:00-04:00,McDonalds,-0.9180009758046443
220,2022-03-29 00:00:00-04:00,Adidas,1.1828220712296678
221,2022-03-29 00:00:00-04:00,Budweiser,1.103439635905042
222,2022-03-29 00:00:00-04:00,Coca-Cola,0.0317403840088978
223,2022-03-29 00:00:00-04:00,McDonalds,-0.5208268036546897
224,2022-03-30 00:00:00-04:00,Adidas,1.1422968386419905
225,2022-03-30 00:00:00-04:00,Budweiser,1.018641924931846
226,2022-03-30 00:00:00-04:00,Coca-Cola,0.0515210405675752
227,2022-03-30 00:00:00-04:00,McDonalds,-0.455517094999386
228,2022-03-31 00:00:00-04:00,Adidas,1.0012376985297515
229,2022-03-31 00:00:00-04:00,Budweiser,0.7623232246482163
230,2022-03-31 00:00:00-04:00,Coca-Cola,-0.0315632685781193
231,2022-03-31 00:00:00-04:00,McDonalds,-0.5884139222793316
232,2022-04-01 00:00:00-04:00,Adidas,0.9813645933983476
233,2022-04-01 00:00:00-04:00,Budweiser,0.985879814055908
234,2022-04-01 00:00:00-04:00,Coca-Cola,0.3126482219613073
235,2022-04-01 00:00:00-04:00,McDonalds,-0.43880941223928
236,2022-04-04 00:00:00-04:00,Adidas,1.0121482564311786
237,2022-04-04 00:00:00-04:00,Budweiser,1.099584789597602
238,2022-04-04 00:00:00-04:00,Coca-Cola,0.1820838602089896
239,2022-04-04 00:00:00-04:00,McDonalds,-0.6225892099051944
240,2022-04-05 00:00:00-04:00,Adidas,0.9007037910051888
241,2022-04-05 00:00:00-04:00,Budweiser,0.9049362070742816
242,2022-04-05 00:00:00-04:00,Coca-Cola,0.1543906326046605
243,2022-04-05 00:00:00-04:00,McDonalds,-0.4950071246695895
244,2022-04-06 00:00:00-04:00,Adidas,0.7557477198314921
245,2022-04-06 00:00:00-04:00,Budweiser,0.7025794165678233
246,2022-04-06 00:00:00-04:00,Coca-Cola,0.4036451021526565
247,2022-04-06 00:00:00-04:00,McDonalds,-0.2709785534016301
248,2022-04-07 00:00:00-04:00,Adidas,0.8091321274710838
249,2022-04-07 00:00:00-04:00,Budweiser,0.4558959762631145
250,2022-04-07 00:00:00-04:00,Coca-Cola,0.5381649783723513
251,2022-04-07 00:00:00-04:00,McDonalds,-0.0507495926619318
252,2022-04-08 00:00:00-04:00,Adidas,0.8254979643232235
253,2022-04-08 00:00:00-04:00,Budweiser,0.5156390420276386
254,2022-04-08 00:00:00-04:00,Coca-Cola,0.6924670532616212
255,2022-04-08 00:00:00-04:00,McDonalds,-0.2709785534016301
256,2022-04-11 00:00:00-04:00,Adidas,0.730419638988894
257,2022-04-11 00:00:00-04:00,Budweiser,0.4597508225705505
258,2022-04-11 00:00:00-04:00,Coca-Cola,0.6845529401050661
259,2022-04-11 00:00:00-04:00,McDonalds,-0.3476800245988828
260,2022-04-12 00:00:00-04:00,Adidas,0.6859977785792795
261,2022-04-12 00:00:00-04:00,Budweiser,0.3556811070077774
262,2022-04-12 00:00:00-04:00,Coca-Cola,0.9812859201487788
263,2022-04-12 00:00:00-04:00,McDonalds,-0.4448852545630856
264,2022-04-13 00:00:00-04:00,Adidas,0.6415756149301457
265,2022-04-13 00:00:00-04:00,Budweiser,0.4770957751643476
266,2022-04-13 00:00:00-04:00,Coca-Cola,1.048548171424983
267,2022-04-13 00:00:00-04:00,McDonalds,-0.2808516499060823
268,2022-04-14 00:00:00-04:00,Adidas,0.6649556851012945
269,2022-04-14 00:00:00-04:00,Budweiser,0.5156390420276386
270,2022-04-14 00:00:00-04:00,Coca-Cola,1.1632843068641876
271,2022-04-14 00:00:00-04:00,McDonalds,-0.3431240264863835
272,2022-04-18 00:00:00-04:00,Adidas,0.6743075918739456
273,2022-04-18 00:00:00-04:00,Budweiser,0.5040767300529333
274,2022-04-18 00:00:00-04:00,Coca-Cola,0.9338104938748688
275,2022-04-18 00:00:00-04:00,McDonalds,-0.3013565868468373
276,2022-04-19 00:00:00-04:00,Adidas,0.7627619531505001
277,2022-04-19 00:00:00-04:00,Budweiser,0.5946548546976115
278,2022-04-19 00:00:00-04:00,Coca-Cola,1.183064963422865
279,2022-04-19 00:00:00-04:00,McDonalds,0.0282304666784753
280,2022-04-20 00:00:00-04:00,Adidas,0.8488783377338917
281,2022-04-20 00:00:00-04:00,Budweiser,1.0379139295214277
282,2022-04-20 00:00:00-04:00,Coca-Cola,1.5351890250079463
283,2022-04-20 00:00:00-04:00,McDonalds,0.0624045761305287
284,2022-04-21 00:00:00-04:00,Adidas,0.7799071155670282
285,2022-04-21 00:00:00-04:00,Budweiser,1.0282779272266376
286,2022-04-21 00:00:00-04:00,Coca-Cola,1.6341000183558505
287,2022-04-21 00:00:00-04:00,McDonalds,0.016839882310329
288,2022-04-22 00:00:00-04:00,Adidas,0.6185855107807103
289,2022-04-22 00:00:00-04:00,Budweiser,0.6177817055946289
290,2022-04-22 00:00:00-04:00,Coca-Cola,1.2542811870555366
291,2022-04-22 00:00:00-04:00,McDonalds,-0.3689437054714837
292,2022-04-25 00:00:00-04:00,Adidas,0.5161032893451785
293,2022-04-25 00:00:00-04:00,Budweiser,0.6659624593844476
294,2022-04-25 00:00:00-04:00,Coca-Cola,1.527277996073198
295,2022-04-25 00:00:00-04:00,McDonalds,-0.1631414830011247
296,2022-04-26 00:00:00-04:00,Adidas,0.3068525558699825
297,2022-04-26 00:00:00-04:00,Budweiser,0.4134971207765173
298,2022-04-26 00:00:00-04:00,Coca-Cola,1.1751523923772134
299,2022-04-26 00:00:00-04:00,McDonalds,-0.4896912044514393
300,2022-04-27 00:00:00-04:00,Adidas,0.2028116833056747
301,2022-04-27 00:00:00-04:00,Budweiser,0.2612473937397929
302,2022-04-27 00:00:00-04:00,Coca-Cola,1.3769314356512994
303,2022-04-27 00:00:00-04:00,McDonalds,-0.5990469408894414
304,2022-04-28 00:00:00-04:00,Adidas,0.3259460321974796
305,2022-04-28 00:00:00-04:00,Budweiser,0.3595359533152148
306,2022-04-28 00:00:00-04:00,Coca-Cola,1.6261859051992953
307,2022-04-28 00:00:00-04:00,McDonalds,-0.0636576648937721
308,2022-04-29 00:00:00-04:00,Adidas,0.3485467768042398
309,2022-04-29 00:00:00-04:00,Budweiser,0.2593203417440101
310,2022-04-29 00:00:00-04:00,Coca-Cola,1.0010681188183597
311,2022-04-29 00:00:00-04:00,McDonalds,-0.4456451766687387
312,2022-05-02 00:00:00-04:00,Adidas,0.4319352186727565
313,2022-05-02 00:00:00-04:00,Budweiser,0.062744707224903
314,2022-05-02 00:00:00-04:00,Coca-Cola,0.5381649783723513
315,2022-05-02 00:00:00-04:00,McDonalds,-0.637017126348341
316,2022-05-03 00:00:00-04:00,Adidas,0.4062174750479639
317,2022-05-03 00:00:00-04:00,Budweiser,0.2501378944451435
318,2022-05-03 00:00:00-04:00,Coca-Cola,0.3957340732179083
319,2022-05-03 00:00:00-04:00,McDonalds,-0.6954934269217983
320,2022-05-04 00:00:00-04:00,Adidas,0.5094787188083637
321,2022-05-04 00:00:00-04:00,Budweiser,0.5381371513836585
322,2022-05-04 00:00:00-04:00,Coca-Cola,1.1672367371097547
323,2022-05-04 00:00:00-04:00,McDonalds,-0.0537857465631226
324,2022-05-05 00:00:00-04:00,Adidas,0.321270382050673
325,2022-05-05 00:00:00-04:00,Budweiser,0.2948950874473841
326,2022-05-05 00:00:00-04:00,Coca-Cola,0.9615052635901016
327,2022-05-05 00:00:00-04:00,McDonalds,-0.4638715254663414
328,2022-05-06 00:00:00-04:00,Adidas,0.1731970086194258
329,2022-05-06 00:00:00-04:00,Budweiser,-0.1098600632541937
330,2022-05-06 00:00:00-04:00,Coca-Cola,1.0525021437814506
331,2022-05-06 00:00:00-04:00,McDonalds,-0.3226190895456309
332,2022-05-09 00:00:00-04:00,Adidas,0.0204479850413721
333,2022-05-09 00:00:00-04:00,Budweiser,-0.2908322182080514
334,2022-05-09 00:00:00-04:00,Coca-Cola,1.0010681188183597
335,2022-05-09 00:00:00-04:00,McDonalds,-0.5724661616248811
336,2022-05-10 00:00:00-04:00,Adidas,0.0352551707647372
337,2022-05-10 00:00:00-04:00,Budweiser,-0.1760219343374951
338,2022-05-10 00:00:00-04:00,Coca-Cola,0.7636817347833894
339,2022-05-10 00:00:00-04:00,McDonalds,-0.7099213433649404
340,2022-05-11 00:00:00-04:00,Adidas,0.0788980088494827
341,2022-05-11 00:00:00-04:00,Budweiser,-0.1662924002432179
342,2022-05-11 00:00:00-04:00,Coca-Cola,0.8823733846899711
343,2022-05-11 00:00:00-04:00,McDonalds,-0.8048491633598004
344,2022-05-12 00:00:00-04:00,Adidas,0.0668181593619551
345,2022-05-12 00:00:00-04:00,Budweiser,-0.2986161424098194
346,2022-05-12 00:00:00-04:00,Coca-Cola,0.9615052635901016
347,2022-05-12 00:00:00-04:00,McDonalds,-0.8230731558097931
348,2022-05-13 00:00:00-04:00,Adidas,0.2159061722245029
349,2022-05-13 00:00:00-04:00,Budweiser,0.0866791977873337
350,2022-05-13 00:00:00-04:00,Coca-Cola,1.4402320040165126
351,2022-05-13 00:00:00-04:00,McDonalds,-0.7585245474339476
352,2022-05-16 00:00:00-04:00,Adidas,0.1892762841259062
353,2022-05-16 00:00:00-04:00,Budweiser,0.2151109778530518
354,2022-05-16 00:00:00-04:00,Coca-Cola,1.5351890250079463
355,2022-05-16 00:00:00-04:00,McDonalds,-0.8344660965255517
356,2022-05-17 00:00:00-04:00,Adidas,0.3061302393352076
357,2022-05-17 00:00:00-04:00,Budweiser,0.4038670570086788
358,2022-05-17 00:00:00-04:00,Coca-Cola,1.463971259264371
359,2022-05-17 00:00:00-04:00,McDonalds,-1.017483615738194
360,2022-05-18 00:00:00-04:00,Adidas,0.061293438561341
361,2022-05-18 00:00:00-04:00,Budweiser,-0.0651036125678234
362,2022-05-18 00:00:00-04:00,Coca-Cola,-0.3480784472914188
363,2022-05-18 00:00:00-04:00,McDonalds,-1.8209451344369136
364,2022-05-19 00:00:00-04:00,Adidas,0.0779870773337549
365,2022-05-19 00:00:00-04:00,Budweiser,-0.2927778281005592
366,2022-05-19 00:00:00-04:00,Coca-Cola,-0.8228512153613564
367,2022-05-19 00:00:00-04:00,McDonalds,-1.9766254868007684
368,2022-05-20 00:00:00-04:00,Adidas,0.0803717529128778
369,2022-05-20 00:00:00-04:00,Budweiser,-0.2519133395150737
370,2022-05-20 00:00:00-04:00,Coca-Cola,-0.435119813015391
371,2022-05-20 00:00:00-04:00,McDonalds,-1.6037523275984085
372,2022-05-23 00:00:00-04:00,Adidas,0.1721854015833186
373,2022-05-23 00:00:00-04:00,Budweiser,-0.00672566568629
374,2022-05-23 00:00:00-04:00,Coca-Cola,0.3086911653830327
375,2022-05-23 00:00:00-04:00,McDonalds,-1.2931515449763515
376,2022-05-24 00:00:00-04:00,Adidas,0.1193228691562988
377,2022-05-24 00:00:00-04:00,Budweiser,-0.0631572603594466
378,2022-05-24 00:00:00-04:00,Coca-Cola,0.7676372492507635
379,2022-05-24 00:00:00-04:00,McDonalds,-0.7980122207565368
380,2022-05-25 00:00:00-04:00,Adidas,0.0946804128666502
381,2022-05-25 00:00:00-04:00,Budweiser,0.1041926560833788
382,2022-05-25 00:00:00-04:00,Coca-Cola,0.7874194479203416
383,2022-05-25 00:00:00-04:00,McDonalds,-0.8367446846687017
384,2022-05-26 00:00:00-04:00,Adidas,0.2182911510431439
385,2022-05-26 00:00:00-04:00,Budweiser,0.1781384513684509
386,2022-05-26 00:00:00-04:00,Coca-Cola,0.8784209544444039
387,2022-05-26 00:00:00-04:00,McDonalds,-0.5269026459784908
388,2022-05-27 00:00:00-04:00,Adidas,0.294206254960557
389,2022-05-27 00:00:00-04:00,Budweiser,0.2112197580680361
390,2022-05-27 00:00:00-04:00,Coca-Cola,1.0287628885335922
391,2022-05-27 00:00:00-04:00,McDonalds,-0.2398441323721891
392,2022-05-31 00:00:00-04:00,Adidas,0.3895972202392005
393,2022-05-31 00:00:00-04:00,Budweiser,0.2209492921623133
394,2022-05-31 00:00:00-04:00,Coca-Cola,0.5144272652353935
395,2022-05-31 00:00:00-04:00,McDonalds,-0.2140232752132818
396,2022-06-01 00:00:00-04:00,Adidas,0.3097072527038906
397,2022-06-01 00:00:00-04:00,Budweiser,-0.0962385670590318
398,2022-06-01 00:00:00-04:00,Coca-Cola,0.3917770166396307
399,2022-06-01 00:00:00-04:00,McDonalds,-0.4365320022699373
400,2022-06-02 00:00:00-04:00,Adidas,0.4985017514522283
401,2022-06-02 00:00:00-04:00,Budweiser,0.0185717168115244
402,2022-06-02 00:00:00-04:00,Coca-Cola,0.6529011138115588
403,2022-06-02 00:00:00-04:00,McDonalds,-0.352995944817033
404,2022-06-03 00:00:00-04:00,Adidas,0.4357029696990263
405,2022-06-03 00:00:00-04:00,Budweiser,-0.00672566568629
406,2022-06-03 00:00:00-04:00,Coca-Cola,0.3522126193004691
407,2022-06-03 00:00:00-04:00,McDonalds,-0.4018677725140828
408,2022-06-06 00:00:00-04:00,Adidas,0.4484217448535452
409,2022-06-06 00:00:00-04:00,Budweiser,0.0555442432961239
410,2022-06-06 00:00:00-04:00,Coca-Cola,0.3126482219613073
411,2022-06-06 00:00:00-04:00,McDonalds,-0.4240115492206748
412,2022-06-07 00:00:00-04:00,Adidas,0.4237789853243768
413,2022-06-07 00:00:00-04:00,Budweiser,0.1470034968772426
414,2022-06-07 00:00:00-04:00,Coca-Cola,0.462991698161399
415,2022-06-07 00:00:00-04:00,McDonalds,-0.3575778627532888
416,2022-06-08 00:00:00-04:00,Adidas,0.4098678723802979
417,2022-06-08 00:00:00-04:00,Budweiser,-0.0748331466621006
418,2022-06-08 00:00:00-04:00,Coca-Cola,0.3205592508960556
419,2022-06-08 00:00:00-04:00,McDonalds,-0.6118642937381219
420,2022-06-09 00:00:00-04:00,Adidas,0.2461133769313023
421,2022-06-09 00:00:00-04:00,Budweiser,-0.4659668011685166
422,2022-06-09 00:00:00-04:00,Coca-Cola,-0.1106920632564485
423,2022-06-09 00:00:00-04:00,McDonalds,-0.8753133824216638
424,2022-06-10 00:00:00-04:00,Adidas,0.1181305313667382
425,2022-06-10 00:00:00-04:00,Budweiser,-0.6430469940214896
426,2022-06-10 00:00:00-04:00,Coca-Cola,-0.2649925960348149
427,2022-06-10 00:00:00-04:00,McDonalds,-1.2403257659822933
428,2022-06-13 00:00:00-04:00,Adidas,-0.0432389852636163
429,2022-06-13 00:00:00-04:00,Budweiser,-0.7675868119863231
430,2022-06-13 00:00:00-04:00,Coca-Cola,-0.2926873657500474
431,2022-06-13 00:00:00-04:00,McDonalds,-1.1570913210240314
432,2022-06-14 00:00:00-04:00,Adidas,-0.1342578431541888
433,2022-06-14 00:00:00-04:00,Budweiser,-0.8785051337559947
434,2022-06-14 00:00:00-04:00,Coca-Cola,-0.958188410359882
435,2022-06-14 00:00:00-04:00,McDonalds,-1.1349463661436368
436,2022-06-15 00:00:00-04:00,Adidas,-0.0702664203719065
437,2022-06-15 00:00:00-04:00,Budweiser,-0.5301823200434411
438,2022-06-15 00:00:00-04:00,Coca-Cola,-0.7828473164147087
439,2022-06-15 00:00:00-04:00,McDonalds,-1.124256795190783
440,2022-06-16 00:00:00-04:00,Adidas,-0.1712218308281809
441,2022-06-16 00:00:00-04:00,Budweiser,-0.7967754142691547
442,2022-06-16 00:00:00-04:00,Coca-Cola,-1.021948527774326
443,2022-06-16 00:00:00-04:00,McDonalds,-1.4075604688734995
444,2022-06-17 00:00:00-04:00,Adidas,-0.0877548499241881
445,2022-06-17 00:00:00-04:00,Budweiser,-0.7539653157911627
446,2022-06-17 00:00:00-04:00,Coca-Cola,-0.8784874925363749
447,2022-06-17 00:00:00-04:00,McDonalds,-1.4694134155784282
448,2022-06-21 00:00:00-04:00,Adidas,-0.079805425927915
449,2022-06-21 00:00:00-04:00,Budweiser,-0.7520189635827844
450,2022-06-21 00:00:00-04:00,Coca-Cola,-0.3723882835735544
451,2022-06-21 00:00:00-04:00,McDonalds,-1.071566506184552
452,2022-06-22 00:00:00-04:00,Adidas,-0.1040506384473894
453,2022-06-22 00:00:00-04:00,Budweiser,-0.6644516721025518
454,2022-06-22 00:00:00-04:00,Coca-Cola,-0.1930623750538413
455,2022-06-22 00:00:00-04:00,McDonalds,-0.8065893260730534
456,2022-06-23 00:00:00-04:00,Adidas,-0.0317125478986597
457,2022-06-23 00:00:00-04:00,Budweiser,-0.559371664642143
458,2022-06-23 00:00:00-04:00,Coca-Cola,0.0978445099966007
459,2022-06-23 00:00:00-04:00,McDonalds,-0.766880156074708
460,2022-06-24 00:00:00-04:00,Adidas,0.0509596422254659
461,2022-06-24 00:00:00-04:00,Budweiser,-0.3161296007058686
462,2022-06-24 00:00:00-04:00,Coca-Cola,0.5601076744176763
463,2022-06-24 00:00:00-04:00,McDonalds,-0.4369950245761724
464,2022-06-27 00:00:00-04:00,Adidas,0.06765297775836
465,2022-06-27 00:00:00-04:00,Budweiser,-0.2888858659996746
466,2022-06-27 00:00:00-04:00,Coca-Cola,0.5083020007268516
467,2022-06-27 00:00:00-04:00,McDonalds,-0.5034298892173612
468,2022-06-28 00:00:00-04:00,Adidas,-0.030917757118792
469,2022-06-28 00:00:00-04:00,Budweiser,-0.2674811879186137
470,2022-06-28 00:00:00-04:00,Coca-Cola,0.2572448035327112
471,2022-06-28 00:00:00-04:00,McDonalds,-0.8241511848433875
472,2022-06-29 00:00:00-04:00,Adidas,-0.0329048856882209
473,2022-06-29 00:00:00-04:00,Budweiser,-0.3161296007058686
474,2022-06-29 00:00:00-04:00,Coca-Cola,0.4365722541633277
475,2022-06-29 00:00:00-04:00,McDonalds,-0.4492115087831759
476,2022-06-30 00:00:00-04:00,Adidas,-0.0293278723195374
477,2022-06-30 00:00:00-04:00,Budweiser,-0.3141832484974904
478,2022-06-30 00:00:00-04:00,Coca-Cola,0.5083020007268516
479,2022-06-30 00:00:00-04:00,McDonalds,-0.5148840949710993
480,2022-07-01 00:00:00-04:00,Adidas,-0.0420466474740551
481,2022-07-01 00:00:00-04:00,Budweiser,-0.094292214850655
482,2022-07-01 00:00:00-04:00,Coca-Cola,1.0940990432913722
483,2022-07-01 00:00:00-04:00,McDonalds,-0.0505999645884156
484,2022-07-05 00:00:00-04:00,Adidas,-0.1112049684242756
485,2022-07-05 00:00:00-04:00,Budweiser,-0.1818595063308876
486,2022-07-05 00:00:00-04:00,Coca-Cola,0.6557478505393426
487,2022-07-05 00:00:00-04:00,McDonalds,-0.1017633403404968
488,2022-07-06 00:00:00-04:00,Adidas,-0.2073907244827862
489,2022-07-06 00:00:00-04:00,Budweiser,-0.1507245518396792
490,2022-07-06 00:00:00-04:00,Coca-Cola,0.7075535242301673
491,2022-07-06 00:00:00-04:00,McDonalds,-0.165144378473391
492,2022-07-07 00:00:00-04:00,Adidas,-0.1008708688488801
493,2022-07-07 00:00:00-04:00,Budweiser,-0.1974273547344263
494,2022-07-07 00:00:00-04:00,Coca-Cola,0.5083020007268516
495,2022-07-07 00:00:00-04:00,McDonalds,-0.0521280560163745
496,2022-07-08 00:00:00-04:00,Adidas,-0.1509511786870835
497,2022-07-08 00:00:00-04:00,Budweiser,-0.0086712755787992
498,2022-07-08 00:00:00-04:00,Coca-Cola,0.599957362273978
499,2022-07-08 00:00:00-04:00,McDonalds,-0.0292184663350933
500,2022-07-11 00:00:00-04:00,Adidas,-0.2996019201629198
501,2022-07-11 00:00:00-04:00,Budweiser,-0.1526709040480547
502,2022-07-11 00:00:00-04:00,Coca-Cola,0.520256444450471
503,2022-07-11 00:00:00-04:00,McDonalds,-0.0261646398267943
504,2022-07-12 00:00:00-04:00,Adidas,-0.3552466751787548
505,2022-07-12 00:00:00-04:00,Budweiser,-0.1468325897387946
506,2022-07-12 00:00:00-04:00,Coca-Cola,0.4126602824942818
507,2022-07-12 00:00:00-04:00,McDonalds,-0.1636174652192371
508,2022-07-13 00:00:00-04:00,Adidas,-0.3174878967248949
509,2022-07-13 00:00:00-04:00,Budweiser,-0.094292214850655
510,2022-07-13 00:00:00-04:00,Coca-Cola,0.2970960334999164
511,2022-07-13 00:00:00-04:00,McDonalds,-0.072746097642622
512,2022-07-14 00:00:00-04:00,Adidas,-0.4407010878916956
513,2022-07-14 00:00:00-04:00,Budweiser,-0.1896434305326569
514,2022-07-14 00:00:00-04:00,Coca-Cola,0.2173951156764094
515,2022-07-14 00:00:00-04:00,McDonalds,-0.0780902940321475
516,2022-07-15 00:00:00-04:00,Adidas,-0.33855333964586
517,2022-07-15 00:00:00-04:00,Budweiser,-0.1915890404251648
518,2022-07-15 00:00:00-04:00,Coca-Cola,0.3449153505052978
519,2022-07-15 00:00:00-04:00,McDonalds,0.1059416328285128
520,2022-07-18 00:00:00-04:00,Adidas,-0.2300460522030059
521,2022-07-18 00:00:00-04:00,Budweiser,-0.1857514684317723
522,2022-07-18 00:00:00-04:00,Coca-Cola,0.0061891484494743
523,2022-07-18 00:00:00-04:00,McDonalds,-0.0918360478409083
524,2022-07-19 00:00:00-04:00,Adidas,0.0231371130977882
525,2022-07-19 00:00:00-04:00,Budweiser,0.1197605044869188
526,2022-07-19 00:00:00-04:00,Coca-Cola,0.3568713363398207
527,2022-07-19 00:00:00-04:00,McDonalds,0.2197214119126041
528,2022-07-20 00:00:00-04:00,Adidas,-0.050790862250196
529,2022-07-20 00:00:00-04:00,Budweiser,-0.1954810025260495
530,2022-07-20 00:00:00-04:00,Coca-Cola,-0.0535876965013334
531,2022-07-20 00:00:00-04:00,McDonalds,0.0731059288214547
532,2022-07-21 00:00:00-04:00,Adidas,0.0135981075417797
533,2022-07-21 00:00:00-04:00,Budweiser,-0.22467034712475
534,2022-07-21 00:00:00-04:00,Coca-Cola,-0.1093766426557945
535,2022-07-21 00:00:00-04:00,McDonalds,-0.0116554293909499
536,2022-07-22 00:00:00-04:00,Adidas,0.0219447753082271
537,2022-07-22 00:00:00-04:00,Budweiser,-0.2519133395150737
538,2022-07-22 00:00:00-04:00,Coca-Cola,-0.0177212811086709
539,2022-07-22 00:00:00-04:00,McDonalds,0.0280537406073932
540,2022-07-25 00:00:00-04:00,Adidas,0.0271116734761652
541,2022-07-25 00:00:00-04:00,Budweiser,-0.105968101153309
542,2022-07-25 00:00:00-04:00,Coca-Cola,0.2213783881400429
543,2022-07-25 00:00:00-04:00,McDonalds,-0.2476153668045714
544,2022-07-26 00:00:00-04:00,Adidas,-0.226071491824629
545,2022-07-26 00:00:00-04:00,Budweiser,-0.1643460480348411
546,2022-07-26 00:00:00-04:00,Coca-Cola,0.6278526064066603
547,2022-07-26 00:00:00-04:00,McDonalds,0.2647759564742822
548,2022-07-27 00:00:00-04:00,Adidas,-0.2387902669791467
549,2022-07-27 00:00:00-04:00,Budweiser,0.1158685423860342
550,2022-07-27 00:00:00-04:00,Coca-Cola,0.5481516885831533
551,2022-07-27 00:00:00-04:00,McDonalds,0.4022299600405322
552,2022-07-28 00:00:00-04:00,Adidas,-0.160490184243092
553,2022-07-28 00:00:00-04:00,Budweiser,-0.4406694186707007
554,2022-07-28 00:00:00-04:00,Coca-Cola,0.9665788084624838
555,2022-07-28 00:00:00-04:00,McDonalds,0.7512026853897463
556,2022-07-29 00:00:00-04:00,Adidas,-0.1271035131773026
557,2022-07-29 00:00:00-04:00,Budweiser,-0.3939666157759537
558,2022-07-29 00:00:00-04:00,Coca-Cola,1.010414853004229
559,2022-07-29 00:00:00-04:00,McDonalds,0.7443315757460734
560,2022-08-01 00:00:00-04:00,Adidas,-0.0531755378293183
561,2022-08-01 00:00:00-04:00,Budweiser,-0.5379662442452106
562,2022-08-01 00:00:00-04:00,Coca-Cola,1.149891073667643
563,2022-08-01 00:00:00-04:00,McDonalds,0.8100029837601898
564,2022-08-02 00:00:00-04:00,Adidas,-0.1799660456043217
565,2022-08-02 00:00:00-04:00,Budweiser,-0.7442350393810151
566,2022-08-02 00:00:00-04:00,Coca-Cola,0.7992088857772937
567,2022-08-02 00:00:00-04:00,McDonalds,0.5671695803552831
568,2022-08-03 00:00:00-04:00,Adidas,-0.0901395255033104
569,2022-08-03 00:00:00-04:00,Budweiser,-0.4620748390676333
570,2022-08-03 00:00:00-04:00,Coca-Cola,0.9107898623080228
571,2022-08-03 00:00:00-04:00,McDonalds,0.6465879203519739
572,2022-08-04 00:00:00-04:00,Adidas,0.0235346601074817
573,2022-08-04 00:00:00-04:00,Budweiser,-0.3472645551970742
574,2022-08-04 00:00:00-04:00,Coca-Cola,0.8111633295009132
575,2022-08-04 00:00:00-04:00,McDonalds,0.535863145949989
576,2022-08-05 00:00:00-04:00,Adidas,-0.0555602134084406
577,2022-08-05 00:00:00-04:00,Budweiser,-0.4523445626574858
578,2022-08-05 00:00:00-04:00,Coca-Cola,0.6955990805065477
579,2022-08-05 00:00:00-04:00,McDonalds,0.428192198056303
580,2022-08-08 00:00:00-04:00,Adidas,-0.0054802068097565
581,2022-08-08 00:00:00-04:00,Budweiser,-0.3025081045107054
582,2022-08-08 00:00:00-04:00,Coca-Cola,0.532212430284994
583,2022-08-08 00:00:00-04:00,McDonalds,0.2426298234200736
584,2022-08-09 00:00:00-04:00,Adidas,-0.1048457324667763
585,2022-08-09 00:00:00-04:00,Budweiser,-0.3920210058834458
586,2022-08-09 00:00:00-04:00,Coca-Cola,0.5640924889922161
587,2022-08-09 00:00:00-04:00,McDonalds,0.4915708798415805
588,2022-08-10 00:00:00-04:00,Adidas,0.0044563457559454
589,2022-08-10 00:00:00-04:00,Budweiser,-0.105968101153309
590,2022-08-10 00:00:00-04:00,Coca-Cola,0.803195242462737
591,2022-08-10 00:00:00-04:00,McDonalds,0.5908414484898252
592,2022-08-11 00:00:00-04:00,Adidas,-0.0281355345299762
593,2022-08-11 00:00:00-04:00,Budweiser,-0.2207783850238653
594,2022-08-11 00:00:00-04:00,Coca-Cola,0.6318389630921036
595,2022-08-11 00:00:00-04:00,McDonalds,0.4320094811916768
596,2022-08-12 00:00:00-04:00,Adidas,0.0072385683447612
597,2022-08-12 00:00:00-04:00,Budweiser,-0.1312654836511249
598,2022-08-12 00:00:00-04:00,Coca-Cola,0.8231193153354361
599,2022-08-12 00:00:00-04:00,McDonalds,0.6534590299956468
600,2022-08-15 00:00:00-04:00,Adidas,-0.0555602134084406
601,2022-08-15 00:00:00-04:00,Budweiser,-0.2110488509295881
602,2022-08-15 00:00:00-04:00,Coca-Cola,1.1419214445185637
603,2022-08-15 00:00:00-04:00,McDonalds,0.902402442764766
604,2022-08-16 00:00:00-04:00,Adidas,-0.0519832000397571
605,2022-08-16 00:00:00-04:00,Budweiser,-0.1526709040480547
606,2022-08-16 00:00:00-04:00,Coca-Cola,1.3531274117454957
607,2022-08-16 00:00:00-04:00,McDonalds,0.9673103941518074
608,2022-08-17 00:00:00-04:00,Adidas,-0.1187568454108552
609,2022-08-17 00:00:00-04:00,Budweiser,-0.3122376386049826
610,2022-08-17 00:00:00-04:00,Coca-Cola,1.293350566794688
611,2022-08-17 00:00:00-04:00,McDonalds,1.0077830207772231
612,2022-08-18 00:00:00-04:00,Adidas,-0.1879151663610757
613,2022-08-18 00:00:00-04:00,Budweiser,-0.4426150285632086
614,2022-08-18 00:00:00-04:00,Coca-Cola,1.4288419728835593
615,2022-08-18 00:00:00-04:00,McDonalds,0.98945299268459
616,2022-08-19 00:00:00-04:00,Adidas,-0.2626379324889277
617,2022-08-19 00:00:00-04:00,Budweiser,-0.5943985812342347
618,2022-08-19 00:00:00-04:00,Coca-Cola,1.4089179000108605
619,2022-08-19 00:00:00-04:00,McDonalds,0.9864015225239052
620,2022-08-22 00:00:00-04:00,Adidas,-0.4287771035170456
621,2022-08-22 00:00:00-04:00,Budweiser,-0.8454238270564095
622,2022-08-22 00:00:00-04:00,Coca-Cola,1.0223692967278513
623,2022-08-22 00:00:00-04:00,McDonalds,0.7122593283660902
624,2022-08-23 00:00:00-04:00,Adidas,-0.4673309759902924
625,2022-08-23 00:00:00-04:00,Budweiser,-0.7831539180739928
626,2022-08-23 00:00:00-04:00,Coca-Cola,1.050264540860531
627,2022-08-23 00:00:00-04:00,McDonalds,0.5282262233316269
628,2022-08-24 00:00:00-04:00,Adidas,-0.4160583283625278
629,2022-08-24 00:00:00-04:00,Budweiser,-0.6955866265937602
630,2022-08-24 00:00:00-04:00,Coca-Cola,1.086130956253196
631,2022-08-24 00:00:00-04:00,McDonalds,0.5526615480932482
632,2022-08-25 00:00:00-04:00,Adidas,-0.3822741102870449
633,2022-08-25 00:00:00-04:00,Budweiser,-0.8318023308612477
634,2022-08-25 00:00:00-04:00,Coca-Cola,1.2096663765075446
635,2022-08-25 00:00:00-04:00,McDonalds,0.6824798072149455
636,2022-08-26 00:00:00-04:00,Adidas,-0.5730560408443307
637,2022-08-26 00:00:00-04:00,Budweiser,-1.147044580190085
638,2022-08-26 00:00:00-04:00,Coca-Cola,0.5880029185503586
639,2022-08-26 00:00:00-04:00,McDonalds,0.2540852073476189
640,2022-08-29 00:00:00-04:00,Adidas,-0.5897493763772255
641,2022-08-29 00:00:00-04:00,Budweiser,-1.1431526180892018
642,2022-08-29 00:00:00-04:00,Coca-Cola,0.4365722541633277
643,2022-08-29 00:00:00-04:00,McDonalds,0.1555780953264446
644,2022-08-30 00:00:00-04:00,Adidas,-0.5468233965159083
645,2022-08-30 00:00:00-04:00,Budweiser,-1.2151520611658944
646,2022-08-30 00:00:00-04:00,Coca-Cola,0.2054406719527899
647,2022-08-30 00:00:00-04:00,McDonalds,-0.0101285161368048
648,2022-08-31 00:00:00-04:00,Adidas,-0.6024681515317432
649,2022-08-31 00:00:00-04:00,Budweiser,-1.4019617881131443
650,2022-08-31 00:00:00-04:00,Coca-Cola,0.0300995780076167
651,2022-08-31 00:00:00-04:00,McDonalds,0.0029232932995134
652,2022-09-01 00:00:00-04:00,Adidas,-0.6338676940281037
653,2022-09-01 00:00:00-04:00,Budweiser,-1.4759075833982152
654,2022-09-01 00:00:00-04:00,Coca-Cola,0.1456638270019821
655,2022-09-01 00:00:00-04:00,McDonalds,0.3246330767497945
656,2022-09-02 00:00:00-04:00,Adidas,-0.6724215665013505
657,2022-09-02 00:00:00-04:00,Budweiser,-1.4973130037951463
658,2022-09-02 00:00:00-04:00,Coca-Cola,-0.1930623750538413
659,2022-09-02 00:00:00-04:00,McDonalds,0.174143758180525
660,2022-09-06 00:00:00-04:00,Adidas,-0.7248865519186762
661,2022-09-06 00:00:00-04:00,Budweiser,-1.4058537502140291
662,2022-09-06 00:00:00-04:00,Coca-Cola,-0.1811079313302218
663,2022-09-06 00:00:00-04:00,McDonalds,0.1649304390081082
664,2022-09-07 00:00:00-04:00,Adidas,-0.7034235619880177
665,2022-09-07 00:00:00-04:00,Budweiser,-1.2696380459465415
666,2022-09-07 00:00:00-04:00,Coca-Cola,0.2692007893672342
667,2022-09-07 00:00:00-04:00,McDonalds,0.4743554041705675
668,2022-09-08 00:00:00-04:00,Adidas,-0.7336307666948171
669,2022-09-08 00:00:00-04:00,Budweiser,-1.230719167253564
670,2022-09-08 00:00:00-04:00,Coca-Cola,0.193484686118267
671,2022-09-08 00:00:00-04:00,McDonalds,0.6018102466349933
672,2022-09-09 00:00:00-04:00,Adidas,-0.6434066995841123
673,2022-09-09 00:00:00-04:00,Budweiser,-1.1022873871878458
674,2022-09-09 00:00:00-04:00,Coca-Cola,0.2731840618308705
675,2022-09-09 00:00:00-04:00,McDonalds,0.5588139717145204
676,2022-09-12 00:00:00-04:00,Adidas,-0.5547728205121814
677,2022-09-12 00:00:00-04:00,Budweiser,-0.7675868119863231
678,2022-09-12 00:00:00-04:00,Coca-Cola,0.3449153505052978
679,2022-09-12 00:00:00-04:00,McDonalds,0.6240777315913405
680,2022-09-13 00:00:00-04:00,Adidas,-0.727668774507492
681,2022-09-13 00:00:00-04:00,Budweiser,-1.1645572961702626
682,2022-09-13 00:00:00-04:00,Coca-Cola,-0.4640436451206808
683,2022-09-13 00:00:00-04:00,McDonalds,0.1603237794219031
684,2022-09-14 00:00:00-04:00,Adidas,-0.7240914578992893
685,2022-09-14 00:00:00-04:00,Budweiser,-1.2462870156571026
686,2022-09-14 00:00:00-04:00,Coca-Cola,-0.3365234102917925
687,2022-09-14 00:00:00-04:00,McDonalds,0.2670486537483961
688,2022-09-15 00:00:00-04:00,Adidas,-0.8465098582862224
689,2022-09-15 00:00:00-04:00,Budweiser,-1.2793675800408189
690,2022-09-15 00:00:00-04:00,Coca-Cola,-0.6656792720807481
691,2022-09-15 00:00:00-04:00,McDonalds,0.0942930283965866
692,2022-09-16 00:00:00-04:00,Adidas,-0.862010856029556
693,2022-09-16 00:00:00-04:00,Budweiser,-1.1937466407689632
694,2022-09-16 00:00:00-04:00,Coca-Cola,-0.6616636152881362
695,2022-09-16 00:00:00-04:00,McDonalds,0.2048563929869811
696,2022-09-19 00:00:00-04:00,Adidas,-0.8099434176219237
697,2022-09-19 00:00:00-04:00,Budweiser,-1.0692068228041296
698,2022-09-19 00:00:00-04:00,Coca-Cola,-0.4810299967222893
699,2022-09-19 00:00:00-04:00,McDonalds,0.3660953693732723
700,2022-09-20 00:00:00-04:00,Adidas,-0.8755247252034606
701,2022-09-20 00:00:00-04:00,Budweiser,-1.2404494436637117
702,2022-09-20 00:00:00-04:00,Coca-Cola,-0.5171570288576394
703,2022-09-20 00:00:00-04:00,McDonalds,0.2424778389989452
704,2022-09-21 00:00:00-04:00,Adidas,-0.9216301714237678
705,2022-09-21 00:00:00-04:00,Budweiser,-1.4447726289070069
706,2022-09-21 00:00:00-04:00,Coca-Cola,-0.7178612208320141
707,2022-09-21 00:00:00-04:00,McDonalds,-0.089212254772249
708,2022-09-22 00:00:00-04:00,Adidas,-0.928784501400654
709,2022-09-22 00:00:00-04:00,Budweiser,-1.361097299527659
710,2022-09-22 00:00:00-04:00,Coca-Cola,-0.7740603684867983
711,2022-09-22 00:00:00-04:00,McDonalds,-0.3303031391162815
712,2022-09-23 00:00:00-04:00,Adidas,-1.0305348542565558
713,2022-09-23 00:00:00-04:00,Budweiser,-1.7366631056305362
714,2022-09-23 00:00:00-04:00,Coca-Cola,-1.0389888532575555
715,2022-09-23 00:00:00-04:00,McDonalds,-0.4830957874786546
716,2022-09-26 00:00:00-04:00,Adidas,-1.0965135572280265
717,2022-09-26 00:00:00-04:00,Budweiser,-1.95071582496811
718,2022-09-26 00:00:00-04:00,Coca-Cola,-1.3320176829111583
719,2022-09-26 00:00:00-04:00,McDonalds,-0.651245931418064
720,2022-09-27 00:00:00-04:00,Adidas,-1.1295029845236415
721,2022-09-27 00:00:00-04:00,Budweiser,-2.024661620253181
722,2022-09-27 00:00:00-04:00,Coca-Cola,-1.9301146020416733
723,2022-09-27 00:00:00-04:00,McDonalds,-1.1933142747268326
724,2022-09-28 00:00:00-04:00,Adidas,-1.0086744689359632
725,2022-09-28 00:00:00-04:00,Budweiser,-1.9137432984835088
726,2022-09-28 00:00:00-04:00,Coca-Cola,-1.6892708053611465
727,2022-09-28 00:00:00-04:00,McDonalds,-1.174886458208194
728,2022-09-29 00:00:00-04:00,Adidas,-1.1410292702688387
729,2022-09-29 00:00:00-04:00,Budweiser,-1.9701756354725348
730,2022-09-29 00:00:00-04:00,Coca-Cola,-1.8538479652001711
731,2022-09-29 00:00:00-04:00,McDonalds,-1.369909568516353
732,2022-09-30 00:00:00-04:00,Adidas,-1.2690121158334031
733,2022-09-30 00:00:00-04:00,Budweiser,-2.024661620253181
734,2022-09-30 00:00:00-04:00,Coca-Cola,-2.07462118847217
735,2022-09-30 00:00:00-04:00,McDonalds,-1.6509252286654574
736,2022-10-03 00:00:00-04:00,Adidas,-1.2268810783717137
737,2022-10-03 00:00:00-04:00,Budweiser,-1.8903922681940717
738,2022-10-03 00:00:00-04:00,Coca-Cola,-1.821733505635626
739,2022-10-03 00:00:00-04:00,McDonalds,-1.2977358192602262
740,2022-10-04 00:00:00-04:00,Adidas,-1.055177462165964
741,2022-10-04 00:00:00-04:00,Budweiser,-1.4720156212973303
742,2022-10-04 00:00:00-04:00,Coca-Cola,-1.7695515568843545
743,2022-10-04 00:00:00-04:00,McDonalds,-1.055109774445385
744,2022-10-05 00:00:00-04:00,Adidas,-1.1398369324792776
745,2022-10-05 00:00:00-04:00,Budweiser,-1.715257685233605
746,2022-10-05 00:00:00-04:00,Coca-Cola,-1.986310665474648
747,2022-10-05 00:00:00-04:00,McDonalds,-1.0098101697318107
748,2022-10-06 00:00:00-04:00,Adidas,-1.21138008062838
749,2022-10-06 00:00:00-04:00,Budweiser,-1.8962298401874629
750,2022-10-06 00:00:00-04:00,Coca-Cola,-2.4720169998501174
751,2022-10-06 00:00:00-04:00,McDonalds,-1.3430366021476057
752,2022-10-07 00:00:00-04:00,Adidas,-1.3182974832719794
753,2022-10-07 00:00:00-04:00,Budweiser,-1.9935266657619728
754,2022-10-07 00:00:00-04:00,Coca-Cola,-2.6807494211879037
755,2022-10-07 00:00:00-04:00,McDonalds,-1.4628132859104146
756,2022-10-10 00:00:00-04:00,Adidas,-1.3409528109921995
757,2022-10-10 00:00:00-04:00,Budweiser,-2.0674724610470445
758,2022-10-10 00:00:00-04:00,Coca-Cola,-2.7289172552574663
759,2022-10-10 00:00:00-04:00,McDonalds,-1.3276802847443787
760,2022-10-11 00:00:00-04:00,Adidas,-1.3465172561698309
761,2022-10-11 00:00:00-04:00,Budweiser,-2.075255642932944
762,2022-10-11 00:00:00-04:00,Coca-Cola,-2.6927902231221164
763,2022-10-11 00:00:00-04:00,McDonalds,-1.166441308358083
764,2022-10-12 00:00:00-04:00,Adidas,-1.404546686764788
765,2022-10-12 00:00:00-04:00,Budweiser,-1.9254191847861637
766,2022-10-12 00:00:00-04:00,Coca-Cola,-2.427861738351356
767,2022-10-12 00:00:00-04:00,McDonalds,-1.165674317209591
768,2022-10-13 00:00:00-04:00,Adidas,-1.33777304139369
769,2022-10-13 00:00:00-04:00,Budweiser,-1.7911490904111835
770,2022-10-13 00:00:00-04:00,Coca-Cola,-2.1348329086977538
771,2022-10-13 00:00:00-04:00,McDonalds,-0.4216716960395475
772,2022-10-14 00:00:00-04:00,Adidas,-1.3632105917027255
773,2022-10-14 00:00:00-04:00,Budweiser,-1.9448782529747173
774,2022-10-14 00:00:00-04:00,Coca-Cola,-2.4920860311477417
775,2022-10-14 00:00:00-04:00,McDonalds,-0.6973125272801369
776,2022-10-17 00:00:00-04:00,Adidas,-1.2451644503236226
777,2022-10-17 00:00:00-04:00,Budweiser,-1.7347167534221597
778,2022-10-17 00:00:00-04:00,Coca-Cola,-2.2070869729684537
779,2022-10-17 00:00:00-04:00,McDonalds,-0.4424028423512853
780,2022-10-18 00:00:00-04:00,Adidas,-1.227278625381407
781,2022-10-18 00:00:00-04:00,Budweiser,-1.6841227307423967
782,2022-10-18 00:00:00-04:00,Coca-Cola,-1.9060314560623437
783,2022-10-18 00:00:00-04:00,McDonalds,-0.2343279226068103
784,2022-10-19 00:00:00-04:00,Adidas,-1.3087583260962112
785,2022-10-19 00:00:00-04:00,Budweiser,-1.9370943287729483
786,2022-10-19 00:00:00-04:00,Coca-Cola,-2.098707418673307
787,2022-10-19 00:00:00-04:00,McDonalds,-0.1145500606701919
788,2022-10-20 00:00:00-04:00,Adidas,-1.4069315139636702
789,2022-10-20 00:00:00-04:00,Budweiser,-2.011040124058019
790,2022-10-20 00:00:00-04:00,Coca-Cola,-2.451944884330686
791,2022-10-20 00:00:00-04:00,McDonalds,-0.189794130867923
792,2022-10-21 00:00:00-04:00,Adidas,-1.4939756598561058
793,2022-10-21 00:00:00-04:00,Budweiser,-1.8145001207006224
794,2022-10-21 00:00:00-04:00,Coca-Cola,-2.098707418673307
795,2022-10-21 00:00:00-04:00,McDonalds,0.1772152572959301
796,2022-10-24 00:00:00-04:00,Adidas,-1.5094766575994394
797,2022-10-24 00:00:00-04:00,Budweiser,-1.6860683406349044
798,2022-10-24 00:00:00-04:00,Coca-Cola,-1.4524395812514217
799,2022-10-24 00:00:00-04:00,McDonalds,0.2363371971157429
800,2022-10-25 00:00:00-04:00,Adidas,-1.559556967437643
801,2022-10-25 00:00:00-04:00,Budweiser,-1.5887715150603947
802,2022-10-25 00:00:00-04:00,Coca-Cola,-0.8984948393978609
803,2022-10-25 00:00:00-04:00,McDonalds,0.2678156448968926
804,2022-10-26 00:00:00-04:00,Adidas,-1.524580259952839
805,2022-10-26 00:00:00-04:00,Budweiser,-1.6237984316524878
806,2022-10-26 00:00:00-04:00,Coca-Cola,-0.721876877624623
807,2022-10-26 00:00:00-04:00,McDonalds,0.3353815563930069
808,2022-10-27 00:00:00-04:00,Adidas,-1.5873791933258008
809,2022-10-27 00:00:00-04:00,Budweiser,-1.170395610479524
810,2022-10-27 00:00:00-04:00,Coca-Cola,-0.6656792720807481
811,2022-10-27 00:00:00-04:00,McDonalds,0.9880156206397886
812,2022-10-28 00:00:00-04:00,Adidas,-1.5635315278160198
813,2022-10-28 00:00:00-04:00,Budweiser,-1.01666644791599
814,2022-10-28 00:00:00-04:00,Coca-Cola,-0.1719477925636713
815,2022-10-28 00:00:00-04:00,McDonalds,1.7105189261757885
816,2022-10-31 00:00:00-04:00,Adidas,-1.6128168952545958
817,2022-10-31 00:00:00-04:00,Budweiser,-1.0633692508107384
818,2022-10-31 00:00:00-04:00,Coca-Cola,-0.5372291443770706
819,2022-10-31 00:00:00-04:00,McDonalds,1.5677077663081336
820,2022-11-01 00:00:00-04:00,Adidas,-1.6052650182680162
821,2022-11-01 00:00:00-04:00,Budweiser,-0.8746131716551101
822,2022-11-01 00:00:00-04:00,Coca-Cola,-0.621524010581984
823,2022-11-01 00:00:00-04:00,McDonalds,1.589975251264481
824,2022-11-02 00:00:00-04:00,Adidas,-1.678000655826439
825,2022-11-02 00:00:00-04:00,Budweiser,-1.1801251445738012
826,2022-11-02 00:00:00-04:00,Coca-Cola,-0.9546924449417388
827,2022-11-02 00:00:00-04:00,McDonalds,1.3918794636671097
828,2022-11-03 00:00:00-04:00,Adidas,-1.7423894739986554
829,2022-11-03 00:00:00-04:00,Budweiser,-1.2462870156571026
830,2022-11-03 00:00:00-04:00,Coca-Cola,-0.9667347889868556
831,2022-11-03 00:00:00-04:00,McDonalds,1.589975251264481
832,2022-11-04 00:00:00-04:00,Adidas,-1.2892826163547413
833,2022-11-04 00:00:00-04:00,Budweiser,-0.6702899864118134
834,2022-11-04 00:00:00-04:00,Coca-Cola,-0.7740603684867983
835,2022-11-04 00:00:00-04:00,McDonalds,1.718195906703596
836,2022-11-07 00:00:00-05:00,Adidas,-1.2566907360688195
837,2022-11-07 00:00:00-05:00,Budweiser,-0.5457501684469799
838,2022-11-07 00:00:00-05:00,Coca-Cola,-0.681734188696664
839,2022-11-07 00:00:00-05:00,McDonalds,1.8556345940103545
840,2022-11-08 00:00:00-05:00,Adidas,-1.1485811472554186
841,2022-11-08 00:00:00-05:00,Budweiser,-0.5827226949315807
842,2022-11-08 00:00:00-05:00,Coca-Cola,-0.6375804693088063
843,2022-11-08 00:00:00-05:00,McDonalds,2.0084272423727274
844,2022-11-09 00:00:00-05:00,Adidas,-1.0957186148283993
845,2022-11-09 00:00:00-05:00,Budweiser,-0.6722355963043212
846,2022-11-09 00:00:00-05:00,Coca-Cola,-0.970748903668561
847,2022-11-09 00:00:00-05:00,McDonalds,1.9615924771883508
848,2022-11-10 00:00:00-05:00,Adidas,-0.9502474913313126
849,2022-11-10 00:00:00-05:00,Budweiser,-0.3511565172979602
850,2022-11-10 00:00:00-05:00,Coca-Cola,-0.1237768742723011
851,2022-11-10 00:00:00-05:00,McDonalds,1.8149404707091776
852,2022-11-11 00:00:00-05:00,Adidas,-0.7372077800635005
853,2022-11-11 00:00:00-05:00,Budweiser,-0.0398062300700076
854,2022-11-11 00:00:00-05:00,Coca-Cola,0.0528410875009367
855,2022-11-11 00:00:00-05:00,McDonalds,1.4701973893278624
856,2022-11-14 00:00:00-05:00,Adidas,-0.848099743085477
857,2022-11-14 00:00:00-05:00,Budweiser,-0.1546165139405639
858,2022-11-14 00:00:00-05:00,Coca-Cola,-0.1839885944978845
859,2022-11-14 00:00:00-05:00,McDonalds,1.537763300823979
860,2022-11-15 00:00:00-05:00,Adidas,-0.858036295651179
861,2022-11-15 00:00:00-05:00,Budweiser,-0.1585084760414486
862,2022-11-15 00:00:00-05:00,Coca-Cola,-0.2241297413149401
863,2022-11-15 00:00:00-05:00,McDonalds,1.1976268790288709
864,2022-11-16 00:00:00-05:00,Adidas,-0.8751271781937672
865,2022-11-16 00:00:00-05:00,Budweiser,-0.1020761390524243
866,2022-11-16 00:00:00-05:00,Coca-Cola,-0.2682850028137014
867,2022-11-16 00:00:00-05:00,McDonalds,1.5561922955164225
868,2022-11-17 00:00:00-05:00,Adidas,-0.8862560685490303
869,2022-11-17 00:00:00-05:00,Budweiser,-0.1079144533616858
870,2022-11-17 00:00:00-05:00,Coca-Cola,-0.1920168238612985
871,2022-11-17 00:00:00-05:00,McDonalds,1.6214536990456283
872,2022-11-18 00:00:00-05:00,Adidas,-0.8981800529236804
873,2022-11-18 00:00:00-05:00,Budweiser,-0.00672566568629
874,2022-11-18 00:00:00-05:00,Coca-Cola,-0.0194114346588599
875,2022-11-18 00:00:00-05:00,McDonalds,1.622221868367932
876,2022-11-21 00:00:00-05:00,Adidas,-1.0186110215016653
877,2022-11-21 00:00:00-05:00,Budweiser,-0.0125632376796839
878,2022-11-21 00:00:00-05:00,Coca-Cola,0.3579122611996532
879,2022-11-21 00:00:00-05:00,McDonalds,1.7105189261757885
880,2022-11-22 00:00:00-05:00,Adidas,-1.02020090630092
881,2022-11-22 00:00:00-05:00,Budweiser,0.071112091699664
882,2022-11-22 00:00:00-05:00,Coca-Cola,0.4662918154948028
883,2022-11-22 00:00:00-05:00,McDonalds,1.728947920868232
884,2022-11-23 00:00:00-05:00,Adidas,-0.979659602018725
885,2022-11-23 00:00:00-05:00,Budweiser,0.1586793831798965
886,2022-11-23 00:00:00-05:00,Coca-Cola,0.5786870265825586
887,2022-11-23 00:00:00-05:00,McDonalds,1.61454253149251
888,2022-11-25 00:00:00-05:00,Adidas,-0.9927759241829364
889,2022-11-25 00:00:00-05:00,Budweiser,0.1995438717653821
890,2022-11-25 00:00:00-05:00,Coca-Cola,0.6027701725618885
891,2022-11-25 00:00:00-05:00,McDonalds,1.7473745592130567
892,2022-11-28 00:00:00-05:00,Adidas,-1.0730632871081796
893,2022-11-28 00:00:00-05:00,Budweiser,0.5070014545765812
894,2022-11-28 00:00:00-05:00,Coca-Cola,0.6067858293545004
895,2022-11-28 00:00:00-05:00,McDonalds,1.58460042235597
896,2022-11-29 00:00:00-05:00,Adidas,-1.0631267345424775
897,2022-11-29 00:00:00-05:00,Budweiser,0.4778128522937496
898,2022-11-29 00:00:00-05:00,Coca-Cola,0.5184753063569751
899,2022-11-29 00:00:00-05:00,McDonalds,1.4717337279724696
900,2022-11-30 00:00:00-05:00,Adidas,-0.9868139319956112
901,2022-11-30 00:00:00-05:00,Budweiser,0.6471091209449533
902,2022-11-30 00:00:00-05:00,Coca-Cola,1.1531557224502642
903,2022-11-30 00:00:00-05:00,McDonalds,1.695650372728746
904,2022-12-01 00:00:00-05:00,Adidas,-0.9371311691671014
905,2022-12-01 00:00:00-05:00,Budweiser,0.8105678176027645
906,2022-12-01 00:00:00-05:00,Coca-Cola,1.225921767540913
907,2022-12-01 00:00:00-05:00,McDonalds,1.7427490488459385
908,2022-12-02 00:00:00-05:00,Adidas,-0.9462729309529356
909,2022-12-02 00:00:00-05:00,Budweiser,0.931215673466712
910,2022-12-02 00:00:00-05:00,Coca-Cola,1.452303648168795
911,2022-12-02 00:00:00-05:00,McDonalds,1.7427490488459385
912,2022-12-05 00:00:00-05:00,Adidas,-1.0011225919493836
913,2022-12-05 00:00:00-05:00,Budweiser,0.756081832822117
914,2022-12-05 00:00:00-05:00,Coca-Cola,1.0965602522932938
915,2022-12-05 00:00:00-05:00,McDonalds,1.602994071834197
916,2022-12-06 00:00:00-05:00,Adidas,-1.082602444283948
917,2022-12-06 00:00:00-05:00,Budweiser,0.6724065034427692
918,2022-12-06 00:00:00-05:00,Coca-Cola,1.0844315500375803
919,2022-12-06 00:00:00-05:00,McDonalds,1.6168918100640952
920,2022-12-07 00:00:00-05:00,Adidas,-1.1036678872049128
921,2022-12-07 00:00:00-05:00,Budweiser,0.7366220223176924
922,2022-12-07 00:00:00-05:00,Coca-Cola,1.124857987371779
923,2022-12-07 00:00:00-05:00,McDonalds,1.5064780735472147
924,2022-12-08 00:00:00-05:00,Adidas,-1.08498711986307
925,2022-12-08 00:00:00-05:00,Budweiser,0.7794328631115561
926,2022-12-08 00:00:00-05:00,Coca-Cola,1.2340070550077522
927,2022-12-08 00:00:00-05:00,McDonalds,1.7419785231760203
928,2022-12-09 00:00:00-05:00,Adidas,-1.0818075018843205
929,2022-12-09 00:00:00-05:00,Budweiser,0.7872167873133255
930,2022-12-09 00:00:00-05:00,Coca-Cola,0.9631553222568032
931,2022-12-09 00:00:00-05:00,McDonalds,1.6377407737565566
932,2022-12-12 00:00:00-05:00,Adidas,-1.0790252792955048
933,2022-12-12 00:00:00-05:00,Budweiser,0.8611625825983962
934,2022-12-12 00:00:00-05:00,Coca-Cola,1.2986878126315615
935,2022-12-12 00:00:00-05:00,McDonalds,1.9913743546871097
936,2022-12-13 00:00:00-05:00,Adidas,-0.9498499443216192
937,2022-12-13 00:00:00-05:00,Budweiser,1.020729317155323
938,2022-12-13 00:00:00-05:00,Coca-Cola,1.3067731000984009
939,2022-12-13 00:00:00-05:00,McDonalds,1.8106966886555924
940,2022-12-14 00:00:00-05:00,Adidas,-0.9478628157521902
941,2022-12-14 00:00:00-05:00,Budweiser,1.0849448360302474
942,2022-12-14 00:00:00-05:00,Coca-Cola,1.3067731000984009
943,2022-12-14 00:00:00-05:00,McDonalds,1.8299998883129889
944,2022-12-15 00:00:00-05:00,Adidas,-1.0559724045655914
945,2022-12-15 00:00:00-05:00,Budweiser,0.8125141698111413
946,2022-12-15 00:00:00-05:00,Coca-Cola,0.9510281621119964
947,2022-12-15 00:00:00-05:00,McDonalds,1.613804994689194
948,2022-12-16 00:00:00-05:00,Adidas,-0.9987379163702612
949,2022-12-16 00:00:00-05:00,Budweiser,0.7911087494142102
950,2022-12-16 00:00:00-05:00,Coca-Cola,0.8054960719306988
951,2022-12-16 00:00:00-05:00,McDonalds,1.1806399690764575
952,2022-12-19 00:00:00-05:00,Adidas,-1.0035075707680252
953,2022-12-19 00:00:00-05:00,Budweiser,0.7619194048155096
954,2022-12-19 00:00:00-05:00,Coca-Cola,0.8418790944760232
955,2022-12-19 00:00:00-05:00,McDonalds,1.1582475976965454
956,2022-12-20 00:00:00-05:00,Adidas,-1.0464333990095829
957,2022-12-20 00:00:00-05:00,Budweiser,0.7405139844185784
958,2022-12-20 00:00:00-05:00,Coca-Cola,0.8216666468643771
959,2022-12-20 00:00:00-05:00,McDonalds,1.267890808543508
960,2022-12-21 00:00:00-05:00,Adidas,-0.899769937722935
961,2022-12-21 00:00:00-05:00,Budweiser,0.9448371696618753
962,2022-12-21 00:00:00-05:00,Coca-Cola,1.229963640218881
963,2022-12-21 00:00:00-05:00,McDonalds,1.3381547380581449
964,2022-12-22 00:00:00-05:00,Adidas,-0.911693618858066
965,2022-12-22 00:00:00-05:00,Budweiser,0.8864592227803431
966,2022-12-22 00:00:00-05:00,Coca-Cola,1.0440066548142912
967,2022-12-22 00:00:00-05:00,McDonalds,1.1536150182865794
968,2022-12-23 00:00:00-05:00,Adidas,-0.8910257229467942
969,2022-12-23 00:00:00-05:00,Budweiser,0.935107635567598
970,2022-12-23 00:00:00-05:00,Coca-Cola,1.23804892768572
971,2022-12-23 00:00:00-05:00,McDonalds,1.2925994696284029
972,2022-12-27 00:00:00-05:00,Adidas,-0.8806916233713987
973,2022-12-27 00:00:00-05:00,Budweiser,0.93316202567509
974,2022-12-27 00:00:00-05:00,Coca-Cola,1.3957081780118246
975,2022-12-27 00:00:00-05:00,McDonalds,1.2362332783436638
976,2022-12-28 00:00:00-05:00,Adidas,-0.9105012810685048
977,2022-12-28 00:00:00-05:00,Budweiser,0.8553242682891348
978,2022-12-28 00:00:00-05:00,Coca-Cola,1.136985147516586
979,2022-12-28 00:00:00-05:00,McDonalds,1.102654288429339
980,2022-12-29 00:00:00-05:00,Adidas,-0.8349834209212658
981,2022-12-29 00:00:00-05:00,Budweiser,0.9370539877759748
982,2022-12-29 00:00:00-05:00,Coca-Cola,1.2906025251647226
983,2022-12-29 00:00:00-05:00,McDonalds,1.165969348829027
984,2022-12-30 00:00:00-05:00,Adidas,-0.8584338426608724
985,2022-12-30 00:00:00-05:00,Budweiser,0.8708921166926734
986,2022-12-30 00:00:00-05:00,Coca-Cola,1.1531557224502642
987,2022-12-30 00:00:00-05:00,McDonalds,0.9806591033875436
988,2023-01-03 00:00:00-05:00,Adidas,-0.7789414221352565
989,2023-01-03 00:00:00-05:00,Budweiser,0.7852704351049473
990,2023-01-03 00:00:00-05:00,Coca-Cola,0.8863474044881867
991,2023-01-03 00:00:00-05:00,McDonalds,1.0424283997521666
992,2023-01-04 00:00:00-05:00,Adidas,-0.6298931336497268
993,2023-01-04 00:00:00-05:00,Budweiser,1.1160797905214557
994,2023-01-04 00:00:00-05:00,Coca-Cola,0.8742187022324763
995,2023-01-04 00:00:00-05:00,McDonalds,1.047063335509747
996,2023-01-05 00:00:00-05:00,Adidas,-0.6497662387811308
997,2023-01-05 00:00:00-05:00,Budweiser,0.9098109953856512
998,2023-01-05 00:00:00-05:00,Coca-Cola,0.5831560639807848
999,2023-01-05 00:00:00-05:00,McDonalds,0.8748779462806292
1000,2023-01-06 00:00:00-05:00,Adidas,-0.5567599490816102
1001,2023-01-06 00:00:00-05:00,Budweiser,1.07521530193597
1002,2023-01-06 00:00:00-05:00,Coca-Cola,1.0682625172148086
1003,2023-01-06 00:00:00-05:00,McDonalds,1.4393033157550932
