Data Source,World Development Indicators,,,,,,,,,,,,,,,,,,,,,,,,,,,,,,,,,,,,,,,,,,,,,,,,,,,,,,,,,,,,,,,,
,,,,,,,,,,,,,,,,,,,,,,,,,,,,,,,,,,,,,,,,,,,,,,,,,,,,,,,,,,,,,,,,,
Last Updated Date,16/09/2022,,,,,,,,,,,,,,,,,,,,,,,,,,,,,,,,,,,,,,,,,,,,,,,,,,,,,,,,,,,,,,,,
,,,,,,,,,,,,,,,,,,,,,,,,,,,,,,,,,,,,,,,,,,,,,,,,,,,,,,,,,,,,,,,,,
Country Name,Country Code,Indicator Name,Indicator Code,1960,1961,1962,1963,1964,1965,1966,1967,1968,1969,1970,1971,1972,1973,1974,1975,1976,1977,1978,1979,1980,1981,1982,1983,1984,1985,1986,1987,1988,1989,1990,1991,1992,1993,1994,1995,1996,1997,1998,1999,2000,2001,2002,2003,2004,2005,2006,2007,2008,2009,2010,2011,2012,2013,2014,2015,2016,2017,2018,2019,2020,2021
Aruba,ABW,"International tourism, receipts (current US$)",ST.INT.RCPT.CD,,,,,,,,,,,,,,,,,,,,,,,,,,,,,,,,,,,,554000000,666000000,726000000,786000000,782000000,850000000,825000000,835000000,858099975.6,1057000000,1097000000,1064099976,1213400024,1352000000,1223000000,1254000000,1358000000,1412000000,1506000000,1625000000,1659000000,1757000000,1855000000,2035000000,2109000000,1077000000,
Africa Eastern and Southern,AFE,"International tourism, receipts (current US$)",ST.INT.RCPT.CD,,,,,,,,,,,,,,,,,,,,,,,,,,,,,,,,,,,,6234141611,6965505052,7622321613,7792159848,8034209108,7035528873,7489514346,8266443184,12204601548,14437267235,16105273905,18031562938,20973170451,20408316343,19179935926,22022165207,24202048004,26393212256,26053231119,27220802346,25119401605,24305252594,26552526185,28672643620,27810935914,,
Afghanistan,AFG,"International tourism, receipts (current US$)",ST.INT.RCPT.CD,,,,,,,,,,,,,,,,,,,,,,,,,,,,,,,,,,,,,,,,,,,,,,,,,57000000,89000000,147000000,165000000,167000000,179000000,121000000,86000000,62000000,16000000,50000000,85000000,75000000,
Africa Western and Central,AFW,"International tourism, receipts (current US$)",ST.INT.RCPT.CD,,,,,,,,,,,,,,,,,,,,,,,,,,,,,,,,,,,,927778426.2,998165500.1,984504076.3,1318411826,1443612847,1475215373,1629462885,1840559322,2094376181,2158285284,2740615084,3074292754,4003336033,4900188000,4254369558,4034222723,4564552103,4741440190,5072423448,5059666955,4341562037,5481752264,7387315888,7230774394,,,
Angola,AGO,"International tourism, receipts (current US$)",ST.INT.RCPT.CD,,,,,,,,,,,,,,,,,,,,,,,,,,,,,,,,,,,,27000000,38000000,24000000,39000000,31000000,34000000,35000000,51000000,63000000,82000000,103000000,91000000,236000000,293000000,554000000,726000000,653000000,711000000,1241000000,1597000000,1171000000,628000000,884000000,557000000,395000000,19000000,
Albania,ALB,"International tourism, receipts (current US$)",ST.INT.RCPT.CD,,,,,,,,,,,,,,,,,,,,,,,,,,,,,,,,,,,,70000000,94000000,34000000,60000000,218000000,398000000,451000000,492000000,537000000,756000000,880000000,1057000000,1479000000,1850000000,2013000000,1778000000,1833000000,1623000000,1670000000,1849000000,1613000000,1821000000,2050000000,2306000000,2458000000,1243000000,
Andorra,AND,"International tourism, receipts (current US$)",ST.INT.RCPT.CD,,,,,,,,,,,,,,,,,,,,,,,,,,,,,,,,,,,,,,,,,,,,,,,,,,,,,,,,,,,,1910000000,,
Arab World,ARB,"International tourism, receipts (current US$)",ST.INT.RCPT.CD,,,,,,,,,,,,,,,,,,,,,,,,,,,,,,,,,,,,,,,,,,,,29586477672,34671162031,40184504882,46282122295,55384830967,61950764464,62406375267,72002050459,63688193204,70933565986,69505430690,78173558300,89547572197,93401986638,1.07576E+11,1.19513E+11,1.31923E+11,,
United Arab Emirates,ARE,"International tourism, receipts (current US$)",ST.INT.RCPT.CD,,,,,,,,,,,,,,,,,,,,,,,,,,,,,,,,,,,,632000000,743000000,814000000,859000000,893000000,1063000000,1200000000,1332000000,1438000000,1593000000,3218000000,4972000000,6072000000,7162000000,7352000000,8577000000,9204000000,10924000000,12389000000,15221000000,25587099609,28657400391,29705500000,34609500000,38413300781,24615400391,
Argentina,ARG,"International tourism, receipts (current US$)",ST.INT.RCPT.CD,,,,,,,,,,,,,,,,,,,,,,,,,,,,,,,,,,,,2550000000,2975000000,3153000000,3353000000,3175000000,3195000000,2756000000,1716000000,2306000000,2660000000,3209000000,3926000000,5030000000,5273000000,4455000000,5605000000,6058000000,5665000000,5199000000,5645000000,5441000000,5466000000,5830000000,5999000000,5654000000,1702000000,
Armenia,ARM,"International tourism, receipts (current US$)",ST.INT.RCPT.CD,,,,,,,,,,,,,,,,,,,,,,,,,,,,,,,,,,,,14000000,18000000,33000000,41000000,47000000,52000000,81000000,81000000,90000000,189000000,243000000,406000000,522000000,564000000,570000000,694000000,762000000,853000000,905000000,994000000,956000000,1037000000,1224000000,1358000000,1553000000,303000000,
American Samoa,ASM,"International tourism, receipts (current US$)",ST.INT.RCPT.CD,,,,,,,,,,,,,,,,,,,,,,,,,,,,,,,,,,,,,,,,,,,,,,,,,,,,,,,,,22000000,22000000,,,,
Antigua and Barbuda,ATG,"International tourism, receipts (current US$)",ST.INT.RCPT.CD,,,,,,,,,,,,,,,,,,,,,,,,,,,,,,,,,,,,,,,,,,,,,,,,,,,,,,,803000000,802000000,844000000,820000000,854000000,992000000,416000000,
Australia,AUS,"International tourism, receipts (current US$)",ST.INT.RCPT.CD,,,,,,,,,,,,,,,,,,,,,,,,,,,,,,,,,,,,10370000000,11882000000,11735000000,10169000000,11408000000,11594000000,11333000000,12148000000,14981000000,18032000000,19719000000,20408000000,25024000000,27189000000,26909000000,31064000000,34315000000,34137000000,32889000000,35736000000,36249000000,39059000000,43975000000,47327000000,47953000000,26234000000,
Austria,AUT,"International tourism, receipts (current US$)",ST.INT.RCPT.CD,,,,,,,,,,,,,,,,,,,,,,,,,,,,,,,,,,,,14529000000,13980000000,12275000000,12694000000,12358000000,11382000000,11511000000,12334000000,15128000000,17251000000,18471000000,,,,,,,,,,20422000000,20965000000,22424000000,25413000000,25924000000,15362000000,
Azerbaijan,AZE,"International tourism, receipts (current US$)",ST.INT.RCPT.CD,,,,,,,,,,,,,,,,,,,,,,,,,,,,,,,,,,,,87000000,57000000,176000000,143000000,93000000,68000000,57000000,63000000,70000000,79000000,100000000,201000000,317000000,382000000,545000000,792000000,1500000000,2634000000,2618000000,2713000000,2535000000,2855000000,3214000000,2830000000,2004099976,340000000,
Burundi,BDI,"International tourism, receipts (current US$)",ST.INT.RCPT.CD,,,,,,,,,,,,,,,,,,,,,,,,,,,,,,,,,,,,2424994.23,2141381.025,1440071.821,1299999.952,1200000.048,1399999.976,899999.9762,1600000.024,1200000.048,1799999.952,1899999.976,1600000.024,2299999.952,1600000.024,1700000.048,2099999.905,3700000.048,,,,,,,,,,
Belgium,BEL,"International tourism, receipts (current US$)",ST.INT.RCPT.CD,,,,,,,,,,,,,,,,,,,,,,,,,,,,,,,,,,,,,,,,,,8304000000,7598000000,8848000000,10089000000,10881000000,11625000000,12369000000,,12718000000,12680000000,14114000000,13704000000,14534000000,15249000000,8975000000,8784000000,9636000000,10319000000,10581000000,7447000000,
Benin,BEN,"International tourism, receipts (current US$)",ST.INT.RCPT.CD,,,,,,,,,,,,,,,,,,,,,,,,,,,,,,,,,,,,,79099998.47,56200000.76,64199996.95,94400001.53,77400001.53,85500000,94500000,107900001.5,120900001.5,107699996.9,121599998.5,206300003.1,236399993.9,131399993.9,149399993.9,201000000,174000000,193000000,153000000,148000000,129000000,160000000,175000000,240860000.6,,
Burkina Faso,BFA,"International tourism, receipts (current US$)",ST.INT.RCPT.CD,,,,,,,,,,,,,,,,,,,,,,,,,,,,,,,,,,,,,,,,,23000000,25000000,37000000,38000000,52000000,46000000,55000000,61000000,82000000,99000000,105000000,116000000,128000000,200000000,183000000,152000000,172000000,172000000,179000000,173000000,,
Bangladesh,BGD,"International tourism, receipts (current US$)",ST.INT.RCPT.CD,,,,,,,,,,,,,,,,,,,,,,,,,,,,,,,,,,,,,,,,,,,59000000,59000000,76000000,82000000,,,,77000000,103000000,97000000,105000000,131000000,154000000,150300003.1,214300003.1,348000000,357000000,391000000,217899993.9,
Bulgaria,BGR,"International tourism, receipts (current US$)",ST.INT.RCPT.CD,,,,,,,,,,,,,,,,,,,,,,,,,,,,,,,,,,,,662000000,541000000,517000000,1150000000,1184000000,1364000000,1262000000,1392000000,2051000000,2796000000,3063000000,3317000000,4181000000,4852000000,4273000000,3807000000,4297000000,3975000000,4410000000,4518000000,3568000000,4148000000,4663000000,5061000000,4832000000,1792000000,
Bahrain,BHR,"International tourism, receipts (current US$)",ST.INT.RCPT.CD,,,,,,,,,,,,,,,,,,,,,,,,,,,,,,,,,,,,593000000,589000000,578000000,625000000,785000000,854000000,886000000,985000000,1206000000,1504000000,1603000000,1786000000,1854000000,1927000000,1873000000,2163000000,1766000000,1752000000,1875000000,1913000000,2827000000,4021000000,4380000000,3834000000,3860000000,724000000,
"Bahamas, The",BHS,"International tourism, receipts (current US$)",ST.INT.RCPT.CD,,,,,,,,,,,,,,,,,,,,,,,,,,,,,,,,,,,,1356000000,1409000000,1427000000,1365000000,1598000000,1753000000,1665000000,1773000000,1770000000,1897000000,2081000000,2066000000,2198000000,2155000000,2025000000,2159000000,2157000000,2333000000,2305000000,2336000000,2554000000,3091000000,2951000000,3756000000,4150000000,1007000000,
Bosnia and Herzegovina,BIH,"International tourism, receipts (current US$)",ST.INT.RCPT.CD,,,,,,,,,,,,,,,,,,,,,,,,,,,,,,,,,,,,,,,257000000,258000000,246000000,279000000,307000000,404000000,507000000,557000000,658000000,804000000,913000000,753000000,662000000,722000000,686000000,752000000,755000000,794000000,875000000,984000000,1147000000,1225000000,438000000,
Belarus,BLR,"International tourism, receipts (current US$)",ST.INT.RCPT.CD,,,,,,,,,,,,,,,,,,,,,,,,,,,,,,,,,,,,28000000,61000000,40000000,54000000,92000000,188000000,272000000,295000000,339000000,362000000,346000000,401000000,479000000,585000000,563000000,665000000,747000000,986000000,1156000000,1230000000,1013000000,1019000000,1124500000,1221000000,1290000000,542000000,
Belize,BLZ,"International tourism, receipts (current US$)",ST.INT.RCPT.CD,,,,,,,,,,,,,,,,,,,,,,,,,,,,,,,,,,,,,95000000,97000000,101000000,,,,,,,,,,,,,,,,,,,,,,,
Bermuda,BMU,"International tourism, receipts (current US$)",ST.INT.RCPT.CD,,,,,,,,,,,,,,,,,,,,,,,,,,,,,,,,,,,,,,,,,,,,,,,,,,,,500000000,448000000,447000000,407000000,370000000,440000000,513000000,583000000,601000000,94000000,
Bolivia,BOL,"International tourism, receipts (current US$)",ST.INT.RCPT.CD,,,,,,,,,,,,,,,,,,,,,,,,,,,,,,,,,,,,92000000,100000000,129000000,137000000,124000000,101000000,119000000,143000000,243000000,283000000,345000000,330000000,326000000,302000000,306000000,339000000,499000000,631000000,639000000,746000000,810000000,827000000,928000000,948000000,977000000,243000000,
Brazil,BRA,"International tourism, receipts (current US$)",ST.INT.RCPT.CD,,,,,,,,,,,,,,,,,,,,,,,,,,,,,,,,,,,,1085000000,744000000,1025000000,1398000000,1718000000,1969000000,1844000000,2142000000,2673000000,3389000000,4168000000,4577000000,5284000000,6109000000,5635000000,5522000000,6370000000,6623000000,6784000000,7405000000,6254000000,6613000000,6175000000,6324000000,6127000000,3099000000,
Barbados,BRB,"International tourism, receipts (current US$)",ST.INT.RCPT.CD,,,,,,,,,,,,,,,,,,,,,,,,,,,,,,,,,,,,628000000,665000000,670000000,718000000,734000000,795000000,728000000,695000000,840000000,843000000,905000000,1068000000,1198000000,1203000000,1076000000,1041000000,984000000,947000000,988000000,910000000,974000000,1071000000,,,,,
Brunei Darussalam,BRN,"International tourism, receipts (current US$)",ST.INT.RCPT.CD,,,,,,,,,,,,,,,,,,,,,,,,,,,,,,,,,,,,,,,,,,155000000,113000000,124000000,181000000,191000000,224000000,233000000,242000000,254000000,,,92000000,96000000,79000000,147000000,144000000,177000000,190000000,,,
Bhutan,BTN,"International tourism, receipts (current US$)",ST.INT.RCPT.CD,,,,,,,,,,,,,,,,,,,,,,,,,,,,,,,,,,,,5000000,6000000,6000000,8000000,9000000,10000000,9000000,8000000,8000000,13000000,19000000,36000000,47000000,47000000,51000000,64000000,76000000,93000000,116000000,99000000,120000000,139000000,153000000,121000000,120000000,84000000,
Botswana,BWA,"International tourism, receipts (current US$)",ST.INT.RCPT.CD,,,,,,,,,,,,,,,,,,,,,,,,,,,,,,,,,,,,176000000,105000000,141000000,179000000,239000000,227000000,235000000,324000000,459000000,582000000,563000000,540000000,548299987.8,510700012.2,663599975.6,440100006.1,468299987.8,515599975.6,484200012.2,529299987.8,534299987.8,505000000,542010009.8,584200012.2,712400024.4,217000000,
Central African Republic,CAF,"International tourism, receipts (current US$)",ST.INT.RCPT.CD,,,,,,,,,,,,,,,,,,,,,,,,,,,,,,,,,,,,4000000,3000000,2000000,4000000,8000000,5000000,5000000,3000000,4000000,7800000.191,7199999.809,10199999.81,10800000.19,11800000.19,7500000,14399999.62,15000000,15000000,15600000.38,,,,,,,,
Canada,CAN,"International tourism, receipts (current US$)",ST.INT.RCPT.CD,,,,,,,,,,,,,,,,,,,,,,,,,,,,,,,,,,,,9176000000,10073000000,10390000000,11049000000,12024000000,13035000000,12680000000,12744000000,12236000000,15135000000,15891000000,16837000000,17962000000,18190000000,15580000000,18440000000,19994000000,,,,,,,,,,
Central Europe and the Baltics,CEB,"International tourism, receipts (current US$)",ST.INT.RCPT.CD,,,,,,,,,,,,,,,,,,,,,,,,,,,,,,,,,,,,,,,,20282583054,20466141201,20609434979,21170767634,26063762063,30634010118,35382849950,39782540497,49293530837,58870011385,49075172441,46639890593,52759785029,49388847915,52427847627,54406256971,47288934512,51301453985,58829311856,64718122568,65843484714,,
Switzerland,CHE,"International tourism, receipts (current US$)",ST.INT.RCPT.CD,,,,,,,,,,,,,,,,,,,,,,,,,,,,,,,,,,,,11354000000,10779000000,10036000000,10188000000,9135000000,9058000000,9392000000,9198000000,10427000000,11217000000,11914000000,12961000000,14934000000,18016000000,17023000000,17883000000,20809000000,19564000000,20236000000,21358000000,20140000000,19787000000,20399000000,21294000000,21257000000,9994000000,
Channel Islands,CHI,"International tourism, receipts (current US$)",ST.INT.RCPT.CD,,,,,,,,,,,,,,,,,,,,,,,,,,,,,,,,,,,,,,,,,,,,,,,,,,,,,,,,,,,,,,
Chile,CHL,"International tourism, receipts (current US$)",ST.INT.RCPT.CD,,,,,,,,,,,,,,,,,,,,,,,,,,,,,,,,,,,,1186000000,1209000000,1401000000,1431000000,1243000000,1179000000,1184000000,1221000000,1309000000,1571000000,1608000000,1853000000,2224000000,2481000000,2380000000,2362000000,2723000000,3158000000,3171000000,3202000000,3412000000,3744000000,4115000000,3911000000,3279000000,1034000000,
China,CHN,"International tourism, receipts (current US$)",ST.INT.RCPT.CD,,,,,,,,,,,,,,,,,,,,,,,,,,,,,,,,,,,,,,12626000000,13229000000,15006000000,17318000000,19006000000,21742000000,18707000000,27755000000,,,,,,,,,,,,,,,,,
Cote d'Ivoire,CIV,"International tourism, receipts (current US$)",ST.INT.RCPT.CD,,,,,,,,,,,,,,,,,,,,,,,,,,,,,,,,,,,,103000000,107000000,103000000,111000000,107000000,53000000,58000000,56000000,76000000,91000000,93000000,104000000,115000000,129000000,164000000,213000000,186000000,172500000,191000000,195000000,214000000,477000000,509000000,551000000,550500000,199300003.1,
Cameroon,CMR,"International tourism, receipts (current US$)",ST.INT.RCPT.CD,,,,,,,,,,,,,,,,,,,,,,,,,,,,,,,,,,,,75000000,151000000,119000000,114000000,92000000,132000000,182000000,124000000,266000000,212000000,229000000,231000000,254000000,167000000,271000000,171000000,423000000,377000000,607000000,629000000,476000000,508000000,544000000,633000000,681000000,437000000,
"Congo, Dem. Rep.",COD,"International tourism, receipts (current US$)",ST.INT.RCPT.CD,,,,,,,,,,,,,,,,,,,,,,,,,,,,,,,,,,,,,,,,,,,,,,3200000,3100000,700000,700000,24000000,10700000,11400000,6900000,8400000,45400000,100000,4300000,6000000,60500000,,,
"Congo, Rep.",COG,"International tourism, receipts (current US$)",ST.INT.RCPT.CD,,,,,,,,,,,,,,,,,,,,,,,,,,,,,,,,,,,,14669139.86,11017593.38,,,13500000,12399999.62,22600000.38,25600000.38,30000000,23100000.38,,,31399999.62,37000000,85000000,39000000,47000000,68000000,52400001.53,56900001.53,46900001.53,42900001.53,,,,,
Colombia,COL,"International tourism, receipts (current US$)",ST.INT.RCPT.CD,,,,,,,,,,,,,,,,,,,,,,,,,,,,,,,,,,,,887000000,1362000000,1315000000,1216000000,1231000000,1313000000,1483000000,1237000000,1191000000,1535000000,1891000000,2370000000,2616000000,2966000000,3080000000,3473000000,3841000000,4409000000,4819000000,4941000000,5281000000,5631000000,5899000000,6655000000,6784000000,1959000000,
Comoros,COM,"International tourism, receipts (current US$)",ST.INT.RCPT.CD,,,,,,,,,,,,,,,,,,,,,,,,,,,,,,,,,,,,22000000,23000000,26000000,16000000,19000000,15000000,9000000,10899999.62,15600000.38,21399999.62,24399999.62,27399999.62,30399999.62,37400001.53,32299999.24,35200000.76,42200000.76,39299999.24,,62799999.24,51599998.47,50500000,60599998.47,73699996.95,72699996.95,18500000,
Cabo Verde,CPV,"International tourism, receipts (current US$)",ST.INT.RCPT.CD,,,,,,,,,,,,,,,,,,,,,,,,,,,,,,,,,,,,29000000,37000000,50000000,45000000,56000000,64000000,77000000,100000000,135000000,153000000,177000000,280000000,375000000,432000000,349000000,387000000,438000000,452000000,483000000,453000000,380000000,397000000,451000000,520000000,567000000,169000000,
Costa Rica,CRI,"International tourism, receipts (current US$)",ST.INT.RCPT.CD,,,,,,,,,,,,,,,,,,,,,,,,,,,,,,,,,,,,763000000,797000000,860000000,1038000000,1256000000,1629000000,1480000000,1429000000,1573000000,1755000000,2008000000,2066000000,2454000000,2811000000,2216000000,2426000000,2646000000,2773000000,3171000000,3137000000,3408000000,3776000000,3758000000,4073000000,4282000000,1479000000,
Caribbean small states,CSS,"International tourism, receipts (current US$)",ST.INT.RCPT.CD,,,,,,,,,,,,,,,,,,,,,,,,,,,,,,,,,,,,4328852720,4494059064,4705331862,4831670872,5220376079,5535249012,5171516486,5239919916,5675313179,6188372843,6646851692,7036558713,7490671097,7471022003,6939404862,7203576008,7158819740,7704723513,7795442215,9468167770,9836484355,10590877575,,,,,
Cuba,CUB,"International tourism, receipts (current US$)",ST.INT.RCPT.CD,,,,,,,,,,,,,,,,,,,,,,,,,,,,,,,,,,,,1100000000,1333000000,1515000000,1759000000,1901000000,1948000000,1840000000,1769000000,1999000000,2114000000,2591000000,2414000000,2415000000,2535000000,2249000000,2396000000,2503000000,2614000000,2608000000,2546000000,2819000000,3069000000,3302000000,2783000000,2645000000,1152000000,
Curacao,CUW,"International tourism, receipts (current US$)",ST.INT.RCPT.CD,,,,,,,,,,,,,,,,,,,,,,,,,,,,,,,,,,,,175000000,186000000,201000000,261000000,260000000,227000000,271000000,217000000,223000000,224000000,244000000,277000000,329000000,383000000,378000000,438000000,540000000,676000000,778000000,820000000,712000000,644000000,572000000,604000000,706000000,282000000,
Cayman Islands,CYM,"International tourism, receipts (current US$)",ST.INT.RCPT.CD,,,,,,,,,,,,,,,,,,,,,,,,,,,,,,,,,,,,394000000,368000000,501000000,534000000,525000000,559000000,585000000,607000000,518000000,523000000,356000000,509000000,481000000,518000000,458000000,465000000,472000000,489000000,500000000,565000000,680000000,708000000,832000000,911000000,964000000,,
Cyprus,CYP,"International tourism, receipts (current US$)",ST.INT.RCPT.CD,,,,,,,,,,,,,,,,,,,,,,,,,,,,,,,,,,,,2018044189,1904723511,1850360596,1918303589,2115000000,2137000000,2203000000,2178000000,2325000000,2552000000,2644000000,2692007568,3107000000,3232000000,2476000000,2137000000,2603000000,2603000000,2930000000,2924000000,2525664307,2870000000,3274000000,3449000000,3245000000,663000000,
Czechia,CZE,"International tourism, receipts (current US$)",ST.INT.RCPT.CD,,,,,,,,,,,,,,,,,,,,,,,,,,,,,,,,,,,,,,,,,,,3376000000,4069000000,4931000000,5772000000,6702000000,7803000000,9228000000,8164000000,8068000000,8930000000,8174000000,7792000000,7614000000,6766000000,7041000000,7695000000,8283000000,7967000000,3890000000,
Germany,DEU,"International tourism, receipts (current US$)",ST.INT.RCPT.CD,,,,,,,,,,,,,,,,,,,,,,,,,,,,,,,,,,,,24053000000,23982000000,24500000000,25806000000,25327000000,24943000000,24182000000,26717000000,30129000000,36417000000,40518000000,45560000000,49320000000,53402000000,47499000000,49116000000,53465000000,51626000000,55486000000,58721000000,50669000000,52234000000,55750000000,59446000000,58372000000,,
Djibouti,DJI,"International tourism, receipts (current US$)",ST.INT.RCPT.CD,,,,,,,,,,,,,,,,,,,,,,,,,,,,,,,,,,,,5400000,4600000,4200000,9300000,7600000,8100000,8600000,8900000,6900000,6800000,7100000,9800000,6800000,7800000,16000000,18000000,19200000,20500000,21600000,24700000,30900000,33500000,36200000,57000000,,,
Dominica,DMA,"International tourism, receipts (current US$)",ST.INT.RCPT.CD,,,,,,,,,,,,,,,,,,,,,,,,,,,,,,,,,,,,42000000,44000000,48000000,47000000,51000000,48000000,46000000,46000000,52000000,61000000,57000000,72000000,74000000,76000000,77000000,94000000,106000000,76000000,82000000,216000000,202000000,198000000,161000000,111000000,,,
Denmark,DNK,"International tourism, receipts (current US$)",ST.INT.RCPT.CD,,,,,,,,,,,,,,,,,,,,,,,,,,,,,,,,,,,,3691000000,3420000000,3156000000,3236000000,3698000000,3671000000,4003000000,4791000000,5271000000,5652000000,5293000000,5562000000,5978000000,6281000000,5617000000,5704000000,6366000000,6135000000,6490000000,7617000000,6685000000,7494000000,8508000000,9097000000,,,
Dominican Republic,DOM,"International tourism, receipts (current US$)",ST.INT.RCPT.CD,,,,,,,,,,,,,,,,,,,,,,,,,,,,,,,,,,,,1571000000,1781000000,2099000000,2153000000,2483000000,2860000000,2798000000,2730000000,3128000000,3152000000,3518000000,3917000000,4064000000,4166000000,4049000000,4162000000,4391000000,4687000000,5055000000,5630000000,6116000000,6720000000,7184000000,7561000000,,,
Algeria,DZA,"International tourism, receipts (current US$)",ST.INT.RCPT.CD,,,,,,,,,,,,,,,,,,,,,,,,,,,,,,,,,,,,,,,,,,,,,,477000000,393000000,334000000,473000000,361000000,324000000,300000000,295000000,326000000,316000000,347000000,246000000,171000000,196500000,140000000,50000000,
East Asia & Pacific (excluding high income),EAP,"International tourism, receipts (current US$)",ST.INT.RCPT.CD,,,,,,,,,,,,,,,,,,,,,,,,,,,,,,,,,,,,,,,,,,,,,,,,,,,,,,,,,,,,,,
Early-demographic dividend,EAR,"International tourism, receipts (current US$)",ST.INT.RCPT.CD,,,,,,,,,,,,,,,,,,,,,,,,,,,,,,,,,,,,,,,,,,,69122529493,77499102883,94029912835,1.05587E+11,1.13439E+11,1.3197E+11,1.44716E+11,1.37365E+11,1.53301E+11,1.59009E+11,1.68922E+11,1.79326E+11,1.94703E+11,1.94225E+11,1.88152E+11,2.19796E+11,2.44162E+11,2.66595E+11,,
East Asia & Pacific,EAS,"International tourism, receipts (current US$)",ST.INT.RCPT.CD,,,,,,,,,,,,,,,,,,,,,,,,,,,,,,,,,,,,,,,,,,,,,,,,,,,,,,,,,,,,,,
Europe & Central Asia (excluding high income),ECA,"International tourism, receipts (current US$)",ST.INT.RCPT.CD,,,,,,,,,,,,,,,,,,,,,,,,,,,,,,,,,,,,,,,,,,,,,,41773152256,44332014043,54622195653,67079385619,59010242913,60031123028,71837770176,76682096687,87652930166,85866543244,72231918239,64794278567,77226677470,89044934208,93373739043,,
Europe & Central Asia,ECS,"International tourism, receipts (current US$)",ST.INT.RCPT.CD,,,,,,,,,,,,,,,,,,,,,,,,,,,,,,,,,,,,,,,,2.39023E+11,2.27631E+11,2.25884E+11,2.4073E+11,2.79224E+11,3.25591E+11,3.43532E+11,3.74333E+11,4.34151E+11,4.8847E+11,4.26996E+11,4.2492E+11,4.91024E+11,4.82223E+11,5.22254E+11,5.39719E+11,4.77925E+11,4.77407E+11,5.31629E+11,5.84532E+11,5.89621E+11,,
Ecuador,ECU,"International tourism, receipts (current US$)",ST.INT.RCPT.CD,,,,,,,,,,,,,,,,,,,,,,,,,,,,,,,,,,,,315000000,330000000,335000000,330000000,377000000,451000000,438000000,449000000,408000000,464000000,488000000,492000000,626000000,745000000,674000000,786000000,849000000,1039000000,1251000000,1487000000,1557000000,1729000000,2018000000,2279000000,2288000000,705000000,
"Egypt, Arab Rep.",EGY,"International tourism, receipts (current US$)",ST.INT.RCPT.CD,,,,,,,,,,,,,,,,,,,,,,,,,,,,,,,,,,,,2954000000,3583000000,4046000000,2942000000,4361000000,4657000000,4119000000,4133000000,4704000000,6328000000,7206000000,8133000000,10327000000,12104000000,11757000000,13633000000,9333000000,10823000000,6747000000,7979000000,6897000000,3306000000,8636000000,12704000000,14256000000,4874000000,
Euro area,EMU,"International tourism, receipts (current US$)",ST.INT.RCPT.CD,,,,,,,,,,,,,,,,,,,,,,,,,,,,,,,,,,,,,,,,1.66059E+11,1.55916E+11,1.52967E+11,1.63448E+11,1.89115E+11,2.19333E+11,2.28208E+11,2.48295E+11,2.81121E+11,3.05631E+11,2.67957E+11,2.63076E+11,3.00789E+11,2.89622E+11,3.11097E+11,3.25641E+11,2.93031E+11,2.97293E+11,3.2673E+11,3.56076E+11,3.55219E+11,,
Eritrea,ERI,"International tourism, receipts (current US$)",ST.INT.RCPT.CD,,,,,,,,,,,,,,,,,,,,,,,,,,,,,,,,,,,,58000000,69000000,90000000,34000000,28000000,36000000,74000000,73000000,74000000,73000000,66000000,60000000,61000000,46000000,26000000,,,,,,,48000000,,,,,
Spain,ESP,"International tourism, receipts (current US$)",ST.INT.RCPT.CD,,,,,,,,,,,,,,,,,,,,,,,,,,,,,,,,,,,,27369000000,29751000000,28649000000,31592000000,,,,,,,,,,,,,,,,,,,,,,,
Estonia,EST,"International tourism, receipts (current US$)",ST.INT.RCPT.CD,,,,,,,,,,,,,,,,,,,,,,,,,,,,,,,,,,,,452000000,565000000,597000000,668000000,702000000,657000000,661000000,737000000,883000000,1111000000,1229000000,1361000000,1416000000,1643000000,,,,,2022000000,2278000000,1893000000,1911000000,2124000000,2326000000,2310000000,865000000,
Ethiopia,ETH,"International tourism, receipts (current US$)",ST.INT.RCPT.CD,,,,,,,,,,,,,,,,,,,,,,,,,,,,,,,,,,,,177000000,170000000,157000000,152000000,176000000,205000000,218000000,261000000,336000000,458000000,533000000,639000000,790000000,1184000000,1119000000,1434000000,1998000000,1980000000,2236000000,2107000000,2279000000,2138000000,2505000000,3548000000,3529000000,2282000000,
European Union,EUU,"International tourism, receipts (current US$)",ST.INT.RCPT.CD,,,,,,,,,,,,,,,,,,,,,,,,,,,,,,,,,,,,,,,,1.91096E+11,1.81198E+11,1.78909E+11,1.90823E+11,2.21855E+11,2.57219E+11,2.69692E+11,2.95831E+11,3.39745E+11,3.73436E+11,3.2317E+11,3.17221E+11,3.62151E+11,3.47054E+11,3.7167E+11,3.89655E+11,3.48445E+11,3.57446E+11,3.95734E+11,4.31696E+11,4.3215E+11,,
Fragile and conflict affected situations,FCS,"International tourism, receipts (current US$)",ST.INT.RCPT.CD,,,,,,,,,,,,,,,,,,,,,,,,,,,,,,,,,,,,,,,,,,,,11051089610,11856331737,12585682325,13057958907,15936190762,18496049260,20688220005,25201190204,20895406713,23906290396,25101207073,26351211708,26018006590,27557594254,,,,,
Finland,FIN,"International tourism, receipts (current US$)",ST.INT.RCPT.CD,,,,,,,,,,,,,,,,,,,,,,,,,,,,,,,,,,,,2383000000,2408000000,2358000000,2371000000,2236000000,2035000000,2066000000,2238000000,2679000000,2977000000,3069000000,3515000000,4287000000,4875000000,4072000000,4496000000,5615000000,5418000000,5774000000,5409000000,4011000000,4017000000,5210000000,5762000000,5944000000,1757000000,
Fiji,FJI,"International tourism, receipts (current US$)",ST.INT.RCPT.CD,,,,,,,,,,,,,,,,,,,,,,,,,,,,,,,,,,,,369000000,374000000,386000000,309000000,365000000,291000000,316000000,384000000,496000000,588000000,722000000,684000000,722000000,952000000,688000000,825000000,955000000,989000000,966000000,1091000000,1094000000,1149000000,1243000000,1370000000,1345000000,236000000,
France,FRA,"International tourism, receipts (current US$)",ST.INT.RCPT.CD,,,,,,,,,,,,,,,,,,,,,,,,,,,,,,,,,,,,31295000000,32088000000,,,44551000000,38706000000,37826000000,41113000000,46576000000,53068000000,52126000000,54615000000,63890000000,68034000000,58906000000,56178000000,66133000000,63975000000,66054000000,67402000000,66441000000,63557000000,67717000000,72518000000,70776000000,35958000000,
Faroe Islands,FRO,"International tourism, receipts (current US$)",ST.INT.RCPT.CD,,,,,,,,,,,,,,,,,,,,,,,,,,,,,,,,,,,,,,,,,,,,,,,,,,,,,,,,,,,,,,
"Micronesia, Fed. Sts.",FSM,"International tourism, receipts (current US$)",ST.INT.RCPT.CD,,,,,,,,,,,,,,,,,,,,,,,,,,,,,,,,,,,,,,15800000.19,13199999.81,13899999.62,17000000,14699999.81,16799999.24,16700000.76,19000000,21000000,23000000,25000000,27000000,,,,,,,,,,,,,
Gabon,GAB,"International tourism, receipts (current US$)",ST.INT.RCPT.CD,,,,,,,,,,,,,,,,,,,,,,,,,,,,,,,,,,,,94000000,91000000,103000000,110000000,143000000,99000000,46000000,77000000,84000000,74000000,13000000,,26000000,26500000,26200000.76,89000000,25399999.62,39500000,61200000.76,43500000,28700000.76,,,,,,
United Kingdom,GBR,"International tourism, receipts (current US$)",ST.INT.RCPT.CD,,,,,,,,,,,,,,,,,,,,,,,,,,,,,,,,,,,,27577000000,29181000000,30483000000,31658000000,,,,,,,,,,,,,,,,,,,,,,,
Georgia,GEO,"International tourism, receipts (current US$)",ST.INT.RCPT.CD,,,,,,,,,,,,,,,,,,,,,,,,,,,,,,,,,,,,,,75000000,229000000,131000000,107000000,136000000,144000000,172000000,209000000,287000000,361000000,440000000,505000000,537000000,737000000,1069000000,1565000000,1916000000,1972000000,2049000000,2315000000,2971000000,3518000000,3551000000,586000000,
Ghana,GHA,"International tourism, receipts (current US$)",ST.INT.RCPT.CD,,,,,,,,,,,,,,,,,,,,,,,,,,,,,,,,,,,,30000000,32000000,35000000,304000000,325000000,357000000,374000000,383000000,441000000,495000000,867000000,910000000,990000000,970000000,849000000,706000000,797000000,1154000000,1010000000,1027000000,911000000,952000000,919000000,996000000,1490000000,191000000,
Gibraltar,GIB,"International tourism, receipts (current US$)",ST.INT.RCPT.CD,,,,,,,,,,,,,,,,,,,,,,,,,,,,,,,,,,,,,,,,,,,,,,,,,,,,,,,,,,,,,,
Guinea,GIN,"International tourism, receipts (current US$)",ST.INT.RCPT.CD,,,,,,,,,,,,,,,,,,,,,,,,,,,,,,,,,,,,911000.0134,9300000.191,4800000.191,4300000.191,5800000.191,7800000.191,8199999.809,,,,,,1100000.024,2400000.095,4900000.095,2039999.962,2119999.886,1679999.948,,17100000.38,27000000,16600000.38,16600000.38,4699999.809,10399999.62,1289999.962,
"Gambia, The",GMB,"International tourism, receipts (current US$)",ST.INT.RCPT.CD,,,,,,,,,,,,,,,,,,,,,,,,,,,,,,,,,,,,,67000000,76000000,,,,,,58000000,51000000,59000000,69000000,87000000,80199996.95,64000000,80000000,86000000,104000000,78000000,110000000,92000000,88000000,128000000,174000000,157000000,53000000,
Guinea-Bissau,GNB,"International tourism, receipts (current US$)",ST.INT.RCPT.CD,,,,,,,,,,,,,,,,,,,,,,,,,,,,,,,,,,,,,,,,,,,,2400000.095,2200000.048,,,,,,13600000.38,14500000,6800000.191,,,,,16440000.53,20000000,18920000.08,,
Equatorial Guinea,GNQ,"International tourism, receipts (current US$)",ST.INT.RCPT.CD,,,,,,,,,,,,,,,,,,,,,,,,,,,,,,,,,,,,1000000,4000000,5000000,400000.006,10000000,5000000,14000000,,,,,,,,,,,,,,,,,,,,
Greece,GRC,"International tourism, receipts (current US$)",ST.INT.RCPT.CD,,,,,,,,,,,,,,,,,,,,,,,,,,,,,,,,,,,,4182000000,3759000000,3794000000,,8839000000,9264000000,9219000000,10012000000,10852000000,12815000000,13455000000,14502000000,15683000000,17608000000,16038000000,13857000000,16269000000,14665000000,17433000000,19489000000,17547000000,16811000000,19139000000,21594000000,23003000000,6193000000,
Grenada,GRD,"International tourism, receipts (current US$)",ST.INT.RCPT.CD,,,,,,,,,,,,,,,,,,,,,,,,,,,,,,,,,,,,76000000,79000000,78000000,83000000,88000000,93000000,83000000,91000000,104000000,86000000,71000000,94000000,129000000,127000000,112000000,112000000,117000000,122000000,120000000,388000000,422000000,437000000,482000000,548000000,,,
Greenland,GRL,"International tourism, receipts (current US$)",ST.INT.RCPT.CD,,,,,,,,,,,,,,,,,,,,,,,,,,,,,,,,,,,,,,,,,,,,,,,,,,,,,,,,,,,,,,
Guatemala,GTM,"International tourism, receipts (current US$)",ST.INT.RCPT.CD,,,,,,,,,,,,,,,,,,,,,,,,,,,,,,,,,,,,216000000,221000000,270000000,329000000,374000000,498000000,588000000,647000000,646000000,630000000,791000000,919000000,1055000000,1098300049,1086300049,1053300049,1077400024,1110000000,1160699951,1164400024,1169500000,1202699951,1217599976,1235099976,1227199951,298500000,
Guam,GUM,"International tourism, receipts (current US$)",ST.INT.RCPT.CD,,,,,,,,,,,,,,,,,,,,,,,,,,,,,,,,,,,,,,,,,,,,,,,,,,,,,,,,,,,,,,
Guyana,GUY,"International tourism, receipts (current US$)",ST.INT.RCPT.CD,,,,,,,,,,,,,,,,,,,,,,,,,,,,,,,,,,,,,112000000,115000000,111000000,109000000,80000000,65000000,53000000,28000000,,,,,,,,,,,,,,,,,,
High income,HIC,"International tourism, receipts (current US$)",ST.INT.RCPT.CD,,,,,,,,,,,,,,,,,,,,,,,,,,,,,,,,,,,,3.6925E+11,3.8998E+11,3.92159E+11,3.96596E+11,4.02119E+11,4.06354E+11,3.87844E+11,3.95208E+11,4.32841E+11,5.04919E+11,5.40951E+11,5.77258E+11,6.58445E+11,7.28742E+11,6.6461E+11,7.3652E+11,8.37142E+11,8.7156E+11,9.37966E+11,9.96288E+11,9.69582E+11,9.89703E+11,1.05977E+12,1.14799E+12,1.15215E+12,,
"Hong Kong SAR, China",HKG,"International tourism, receipts (current US$)",ST.INT.RCPT.CD,,,,,,,,,,,,,,,,,,,,,,,,,,,,,,,,,,,,,,,7337000000,7343000000,8198000000,7923000000,9849000000,9004000000,11874000000,13588000000,15541000000,18237000000,20236000000,20291000000,27208000000,33169000000,37098000000,42426000000,46352000000,42491000000,37838000000,38170000000,42313000000,32697000000,,
Honduras,HND,"International tourism, receipts (current US$)",ST.INT.RCPT.CD,,,,,,,,,,,,,,,,,,,,,,,,,,,,,,,,,,,,85000000,119000000,152000000,175000000,214000000,263000000,260000000,305000000,372000000,420000000,465000000,515700012.2,546599975.6,619799987.8,616099975.6,626700012.2,641500000,683700012.2,618000000,706000000,671000000,585000000,610000000,601000000,556000000,189000000,
Heavily indebted poor countries (HIPC),HPC,"International tourism, receipts (current US$)",ST.INT.RCPT.CD,,,,,,,,,,,,,,,,,,,,,,,,,,,,,,,,,,,,2169375778,2339667347,2438391025,2892143067,3134471547,3042986472,3628225810,3914190726,4600175431,5299920425,6440065966,7253625945,8891560409,9980561785,9528506502,9910939981,12202929229,14148822902,14889545710,15621715576,15163804029,15777030393,16462865234,19734803845,20858320355,,
Croatia,HRV,"International tourism, receipts (current US$)",ST.INT.RCPT.CD,,,,,,,,,,,,,,,,,,,,,,,,,,,,,,,,,,,,,,,,2595000000,2871000000,3463000000,3952000000,6513000000,6945000000,7625000000,8296000000,9617000000,11615000000,9300000000,8299000000,9598000000,8912000000,9715000000,10079000000,8207000000,9215000000,10534000000,11348000000,11974000000,5631853027,
Haiti,HTI,"International tourism, receipts (current US$)",ST.INT.RCPT.CD,,,,,,,,,,,,,,,,,,,,,,,,,,,,,,,,,,,,90000000,96000000,107000000,131000000,135000000,128000000,105000000,108000000,96000000,93000000,80000000,126000000,190000000,360000000,416000000,383000000,456000000,447000000,546000000,578000000,609000000,511000000,460000000,620000000,,,
Hungary,HUN,"International tourism, receipts (current US$)",ST.INT.RCPT.CD,,,,,,,,,,,,,,,,,,,,,,,,,,,,,,,,,,,,2938000000,3589000000,3824000000,3688000000,3622000000,3809000000,4191000000,3774000000,4119000000,4009000000,4761000000,4998000000,5628000000,7533000000,7013000000,6595000000,7239000000,6149000000,6671000000,7483000000,6929000000,7481000000,8448000000,9618000000,10225000000,4224000000,
IBRD only,IBD,"International tourism, receipts (current US$)",ST.INT.RCPT.CD,,,,,,,,,,,,,,,,,,,,,,,,,,,,,,,,,,,,,,,,,,,,,,,,,,,,,,,,,,,,,,
IDA & IBRD total,IBT,"International tourism, receipts (current US$)",ST.INT.RCPT.CD,,,,,,,,,,,,,,,,,,,,,,,,,,,,,,,,,,,,,,,,,,,,,,,,,,,,,,,,,,,,,,
IDA total,IDA,"International tourism, receipts (current US$)",ST.INT.RCPT.CD,,,,,,,,,,,,,,,,,,,,,,,,,,,,,,,,,,,,6367846580,6954730832,7615310245,8200503387,8608755551,7615135304,8148869233,8725277586,9519435234,12556181745,14528261483,16586761945,20597775122,23538967571,22630711946,27268022051,25740362370,28635139135,30741012593,33902884985,33715679043,33806058988,37443652753,42040713818,45396369607,,
IDA blend,IDB,"International tourism, receipts (current US$)",ST.INT.RCPT.CD,,,,,,,,,,,,,,,,,,,,,,,,,,,,,,,,,,,,2658786108,2926753780,3453347737,3387939224,3349137564,2589690684,2593222482,2710213282,3058316095,3657992399,4157338109,4861287988,5634681609,6427304730,5461868136,6089848884,6984160013,7010987772,6996903200,7995200001,8152185184,7911800005,10151705392,10652993523,10859684429,,
Indonesia,IDN,"International tourism, receipts (current US$)",ST.INT.RCPT.CD,,,,,,,,,,,,,,,,,,,,,,,,,,,,,,,,,,,,,,,,,,,5797000000,4461000000,5226000000,5094000000,4890000000,5831000000,8150000000,6053000000,7618000000,9038000000,9463000000,10302000000,11567000000,12054000000,12566000000,14691000000,17915000000,18405000000,3533000000,
IDA only,IDX,"International tourism, receipts (current US$)",ST.INT.RCPT.CD,,,,,,,,,,,,,,,,,,,,,,,,,,,,,,,,,,,,,,3785264046,4556010240,5073233525,5061015410,5687285330,6183840350,6606471436,9144227005,10662801170,12047332882,15404681725,17617617792,17731747301,21911524413,19403983285,22364664025,24552900672,26791985092,25906385654,26758326392,28053764793,32347248555,35608230396,,
Isle of Man,IMN,"International tourism, receipts (current US$)",ST.INT.RCPT.CD,,,,,,,,,,,,,,,,,,,,,,,,,,,,,,,,,,,,,,,,,,,,,,,,,,,,,,,,,,,,,,
India,IND,"International tourism, receipts (current US$)",ST.INT.RCPT.CD,,,,,,,,,,,,,,,,,,,,,,,,,,,,,,,,,,,,,,,,,3598000000,3342000000,3300000000,4560000000,6307000000,7659000000,8915000000,11234000000,12462000000,,,,18340000000,19042000000,20756000000,21472000000,23111000000,27878000000,29143000000,31661000000,13413000000,
Not classified,INX,"International tourism, receipts (current US$)",ST.INT.RCPT.CD,,,,,,,,,,,,,,,,,,,,,,,,,,,,,,,,,,,,,,,,,,,,,,,,,,,,,,,,,,,,,,
Ireland,IRL,"International tourism, receipts (current US$)",ST.INT.RCPT.CD,,,,,,,,,,,,,,,,,,,,,,,,,,,,,,,,,,,,2697792725,3022329590,3181000000,,3403000000,3517000000,3789000000,4228000000,5206000000,6075000000,6779000000,7668000000,9260000000,9972000000,8465000000,8185000000,9532000000,9255000000,10165000000,11101000000,11476000000,12649000000,14294000000,15276000000,14808000000,4160000000,
"Iran, Islamic Rep.",IRN,"International tourism, receipts (current US$)",ST.INT.RCPT.CD,,,,,,,,,,,,,,,,,,,,,,,,,,,,,,,,,,,,205000000,142000000,190000000,656000000,559000000,677000000,1122000000,1607000000,1266000000,1305000000,1025000000,1464000000,1950000000,1978000000,2259000000,2631000000,2489000000,2483000000,3306000000,4197000000,4771000000,4634000000,4531000000,5252000000,,,
Iraq,IRQ,"International tourism, receipts (current US$)",ST.INT.RCPT.CD,,,,,,,,,,,,,,,,,,,,,,,,,,,,,,,,,,,,,,,,,,,,,,186000000,170000000,555000000,867000000,1432000000,1736000000,1557000000,1640000000,1682000000,1938000000,2833000000,3120000000,2959000000,1986000000,3593000000,955000000,
Iceland,ISL,"International tourism, receipts (current US$)",ST.INT.RCPT.CD,,,,,,,,,,,,,,,,,,,,,,,,,,,,,,,,,,,,309000000,312000000,314000000,372000000,380000000,386000000,383000000,415000000,486000000,558000000,635000000,702000000,848000000,881000000,,,,,,,,,,,,,
Israel,ISR,"International tourism, receipts (current US$)",ST.INT.RCPT.CD,,,,,,,,,,,,,,,,,,,,,,,,,,,,,,,,,,,,3491000000,3506000000,3740000000,3598000000,4800000000,4611000000,2854000000,2426000000,2473000000,2908000000,3750000000,3736000000,4325000000,5401000000,4937000000,5638000000,5886000000,6183000000,6600000000,6616000000,6605000000,6616000000,7602000000,8048000000,8459000000,2661000000,
Italy,ITA,"International tourism, receipts (current US$)",ST.INT.RCPT.CD,,,,,,,,,,,,,,,,,,,,,,,,,,,,,,,,,,,,30411000000,31884000000,31415000000,31339000000,29570000000,28712000000,26924000000,28213000000,32623000000,37893000000,38364000000,41666000000,46134000000,,,,,,,,41415000000,42423000000,46719000000,51602000000,51910000000,20459000000,
Jamaica,JAM,"International tourism, receipts (current US$)",ST.INT.RCPT.CD,,,,,,,,,,,,,,,,,,,,,,,,,,,,,,,,,,,,1199000000,1218000000,1290000000,1380000000,1486000000,1577000000,1494000000,1482000000,1621000000,1733000000,1783000000,2094000000,2142000000,2222000000,2070000000,2095000000,2060000000,,,,,,,,,,
Jordan,JOR,"International tourism, receipts (current US$)",ST.INT.RCPT.CD,,,,,,,,,,,,,,,,,,,,,,,,,,,,,,,,,,,,973000000,1026000000,1063000000,1083000000,1016000000,935000000,884000000,1254000000,1266000000,1621000000,1759000000,2426000000,2754000000,3539000000,3472000000,4390000000,4351000000,5123000000,5145000000,5518000000,4968000000,4943000000,5549000000,6221000000,6765000000,1745000000,
Japan,JPN,"International tourism, receipts (current US$)",ST.INT.RCPT.CD,,,,,,,,,,,,,,,,,,,,,,,,,,,,,,,,,,,,4894000000,5775000000,6175000000,5664000000,5715000000,5970000000,5750000000,6069000000,11475000000,14343000000,15554000000,11490000000,12422000000,13781000000,12537000000,15356000000,12533000000,16197000000,16865000000,20790000000,27285000000,33456000000,36978000000,45276000000,49209000000,11395000000,
Kazakhstan,KAZ,"International tourism, receipts (current US$)",ST.INT.RCPT.CD,,,,,,,,,,,,,,,,,,,,,,,,,,,,,,,,,,,,155000000,258000000,350000000,454000000,394000000,403000000,502000000,680000000,638000000,803000000,801000000,973000000,1214000000,1255000000,1185000000,1236000000,1524000000,2154000000,2365000000,2239000000,1833000000,2038000000,2356000000,2651000000,2922000000,589000000,
Kenya,KEN,"International tourism, receipts (current US$)",ST.INT.RCPT.CD,,,,,,,,,,,,,,,,,,,,,,,,,,,,,,,,,,,,785000000,823000000,1077000000,1213000000,1211000000,500000000,536000000,513000000,619000000,799000000,969000000,1181000000,1514000000,1398000000,1124000000,1620000000,1844000000,2004000000,1829000000,1745000000,1596000000,1472000000,1564000000,1784000000,1762000000,,
Kyrgyz Republic,KGZ,"International tourism, receipts (current US$)",ST.INT.RCPT.CD,,,,,,,,,,,,,,,,,,,,,,,,,,,,,,,,,,,,,,,12000000,18000000,20000000,32000000,48000000,62000000,92000000,94000000,189000000,392000000,569000000,300000000,212000000,405000000,486000000,585000000,468000000,482000000,477000000,480000000,518000000,708000000,195000000,
Cambodia,KHM,"International tourism, receipts (current US$)",ST.INT.RCPT.CD,,,,,,,,,,,,,,,,,,,,,,,,,,,,,,,,,,,,71000000,117000000,99000000,129000000,240000000,345000000,429000000,509000000,441000000,673000000,929000000,1109000000,1169000000,1280000000,1463000000,1671000000,2258000000,2663000000,2895000000,3220000000,3419000000,3523000000,4024000000,4832000000,5312000000,1119000000,
Kiribati,KIR,"International tourism, receipts (current US$)",ST.INT.RCPT.CD,,,,,,,,,,,,,,,,,,,,,,,,,,,,,,,,,,,,2000000,2099999.905,2599999.905,3099999.905,2799999.952,2700000.048,3200000.048,,,,3099999.905,,,,,,,,,,,,5170000.076,,,,
St. Kitts and Nevis,KNA,"International tourism, receipts (current US$)",ST.INT.RCPT.CD,,,,,,,,,,,,,,,,,,,,,,,,,,,,,,,,,,,,63000000,68000000,72000000,71000000,69000000,58000000,62000000,57000000,75000000,103000000,121000000,132000000,125000000,110000000,83000000,90000000,94000000,95000000,101000000,343000000,317000000,332000000,355000000,367000000,,,
"Korea, Rep.",KOR,"International tourism, receipts (current US$)",ST.INT.RCPT.CD,,,,,,,,,,,,,,,,,,,,,,,,,,,,,,,,,,,,6670000000,6350000000,6317000000,8263000000,8337000000,8527000000,7917000000,7617000000,7002000000,8222000000,8282000000,8437000000,9253000000,13440000000,13262000000,14315000000,17329000000,18731000000,19457000000,22390000000,18711000000,20924000000,17173000000,23104000000,25456000000,11776000000,
Kuwait,KWT,"International tourism, receipts (current US$)",ST.INT.RCPT.CD,,,,,,,,,,,,,,,,,,,,,,,,,,,,,,,,,,,,307000000,389000000,396000000,456000000,342000000,394000000,286000000,320000000,328000000,398000000,413000000,508000000,530000000,610000000,660000000,574000000,644000000,780000000,619000000,615000000,931000000,831000000,643000000,919000000,1198000000,524000000,
Latin America & Caribbean (excluding high income),LAC,"International tourism, receipts (current US$)",ST.INT.RCPT.CD,,,,,,,,,,,,,,,,,,,,,,,,,,,,,,,,,,,,18104258324,20190495048,22181465510,23516932184,24370717865,26836449655,26055343130,25516146462,28533704752,32413790702,36994042539,40495552696,44838428813,48596472019,44191553378,46739962747,50467276356,54141976261,58224976109,64132465411,66701100396,71234508365,75265640564,79006050570,81459149602,,
Lao PDR,LAO,"International tourism, receipts (current US$)",ST.INT.RCPT.CD,,,,,,,,,,,,,,,,,,,,,,,,,,,,,,,,,,,,52000000,63000000,61000000,97000000,86000000,,108000000,110000000,77000000,122000000,143000000,160000000,190000000,280000000,271000000,385000000,413000000,461000000,613000000,642400024.4,725000000,717000000,655000000,833000000,974000000,227000000,
Lebanon,LBN,"International tourism, receipts (current US$)",ST.INT.RCPT.CD,,,,,,,,,,,,,,,,,,,,,,,,,,,,,,,,,,,,710000000,715000000,1000000000,1221000000,673000000,742000000,837000000,,6782000000,5931000000,5969000000,5457000000,5796000000,6317000000,7157000000,8026000000,6797000000,7361000000,7032000000,6835000000,7087000000,7373000000,8086000000,8694000000,8717000000,2369000000,
Liberia,LBR,"International tourism, receipts (current US$)",ST.INT.RCPT.CD,,,,,,,,,,,,,,,,,,,,,,,,,,,,,,,,,,,,,,,,,,,,,59000000,67000000,124000000,131000000,158000000,123000000,,,,,,,,,,,,
Libya,LBY,"International tourism, receipts (current US$)",ST.INT.RCPT.CD,,,,,,,,,,,,,,,,,,,,,,,,,,,,,,,,,,,,4000000,4000000,3000000,23000000,39000000,84000000,90000000,202000000,243000000,261000000,301000000,244000000,99000000,99000000,159000000,170000000,,,,,,,,,,,
St. Lucia,LCA,"International tourism, receipts (current US$)",ST.INT.RCPT.CD,,,,,,,,,,,,,,,,,,,,,,,,,,,,,,,,,,,,230000000,237000000,253000000,283000000,263000000,281000000,233000000,210000000,282000000,326000000,382000000,294000000,302000000,311000000,296000000,309000000,321000000,337000000,354000000,778000000,810000000,776000000,875000000,989000000,,,
Latin America & Caribbean,LCN,"International tourism, receipts (current US$)",ST.INT.RCPT.CD,,,,,,,,,,,,,,,,,,,,,,,,,,,,,,,,,,,,27496284323,30137636203,32498786273,34539763011,35440720364,38615438788,38234590490,36976005879,40457788122,46050442084,51567172210,55975354667,61795379924,66138108402,60683397614,63893459858,68745665396,74098949813,78411113783,85047338481,88225390374,93835317531,98412826250,1.01815E+11,1.04585E+11,,
Least developed countries: UN classification,LDC,"International tourism, receipts (current US$)",ST.INT.RCPT.CD,,,,,,,,,,,,,,,,,,,,,,,,,,,,,,,,,,,,2639181882,2820080916,2651978627,2910542300,3238256831,3227514900,3743451774,4102993819,4297498414,5384394660,6208352642,7204095806,9233534531,10906897664,11039707645,12341231334,14414479463,16578249163,18979582441,21096261688,20150891371,20172369303,21500887186,24732461287,26746319783,,
Low income,LIC,"International tourism, receipts (current US$)",ST.INT.RCPT.CD,,,,,,,,,,,,,,,,,,,,,,,,,,,,,,,,,,,,1432955780,1348685417,1374189763,1234988488,1349387977,1507706348,1831093302,2170076022,2411935209,3940666351,4512646526,5026774560,6601093474,7548902416,8057968288,11355525611,7688657793,8932397340,9370763422,9850364367,8488774697,8614503882,8999448388,11679698813,11751847677,,
Liechtenstein,LIE,"International tourism, receipts (current US$)",ST.INT.RCPT.CD,,,,,,,,,,,,,,,,,,,,,,,,,,,,,,,,,,,,,,,,,,,,,,,,,,,,,,,,,,,,,,
Sri Lanka,LKA,"International tourism, receipts (current US$)",ST.INT.RCPT.CD,,,,,,,,,,,,,,,,,,,,,,,,,,,,,,,,,,,,367000000,282000000,351000000,369000000,414000000,388000000,347000000,594000000,709000000,808000000,729000000,733000000,750000000,803000000,754000000,1044000000,1421000000,1756000000,2506000000,3278000000,3978000000,4591000000,5083000000,5608000000,4663000000,1076000000,
Lower middle income,LMC,"International tourism, receipts (current US$)",ST.INT.RCPT.CD,,,,,,,,,,,,,,,,,,,,,,,,,,,,,,,,,,,,,,,,,30086088094,30809723434,32732113019,34606779435,44750420462,50817568942,58968666113,73513409943,81334936759,71034688092,81041906828,84015611030,92259215009,93880688709,99605093629,98307158972,98018347429,1.18023E+11,1.33339E+11,1.45059E+11,,
Low & middle income,LMY,"International tourism, receipts (current US$)",ST.INT.RCPT.CD,,,,,,,,,,,,,,,,,,,,,,,,,,,,,,,,,,,,,,,,,,,,,,,,,,,,,,,,,,,,,,
Lesotho,LSO,"International tourism, receipts (current US$)",ST.INT.RCPT.CD,,,,,,,,,,,,,,,,,,,,,,,,,,,,,,,,,,,,29000000,33700000.76,33720001.22,24700000.76,23100000.38,,,,,,,,,,,,,,,,,,,,,,
Late-demographic dividend,LTE,"International tourism, receipts (current US$)",ST.INT.RCPT.CD,,,,,,,,,,,,,,,,,,,,,,,,,,,,,,,,,,,,,,,,,,,,,,,,,,,,,,,,,,,,,,
Lithuania,LTU,"International tourism, receipts (current US$)",ST.INT.RCPT.CD,,,,,,,,,,,,,,,,,,,,,,,,,,,,,,,,,,,,102000000,345000000,399000000,504000000,591000000,430000000,425000000,556000000,700000000,834000000,,,,,,,,,,,,,,,,,
Luxembourg,LUX,"International tourism, receipts (current US$)",ST.INT.RCPT.CD,,,,,,,,,,,,,,,,,,,,,,,,,,,,,,,,,,,,,,,,,,,2497000000,3051000000,3824000000,3770000000,3819000000,4351000000,4918000000,4546000000,4519000000,5358000000,5395000000,5629000000,6033000000,6182000000,5606000000,5472000000,5642000000,5645000000,4454000000,
Latvia,LVA,"International tourism, receipts (current US$)",ST.INT.RCPT.CD,,,,,,,,,,,,,,,,,,,,,,,,,,,,,,,,,,,,37000000,231000000,235000000,222000000,153000000,172000000,153000000,201000000,271000000,343000000,446000000,622000000,880000000,,,,,,,,,,,,,,
"Macao SAR, China",MAC,"International tourism, receipts (current US$)",ST.INT.RCPT.CD,,,,,,,,,,,,,,,,,,,,,,,,,,,,,,,,,,,,3233000000,3085000000,2876000000,2648000000,2598000000,3205000000,3745000000,4428000000,5225000000,7431000000,7181000000,8482000000,11198000000,13749000000,15182000000,22688000000,31118000000,36593000000,43755000000,43412000000,31620000000,31155000000,36595000000,41478000000,41166000000,9442000000,
St. Martin (French part),MAF,"International tourism, receipts (current US$)",ST.INT.RCPT.CD,,,,,,,,,,,,,,,,,,,,,,,,,,,,,,,,,,,,,,,,,,,,,,,,,,,,,,,,,,,,,,
Morocco,MAR,"International tourism, receipts (current US$)",ST.INT.RCPT.CD,,,,,,,,,,,,,,,,,,,,,,,,,,,,,,,,,,,,1469000000,1857000000,1649000000,1934000000,2177000000,2280000000,2966000000,3157000000,3802000000,4540000000,5426000000,6900000000,8307000000,8885000000,7980000000,8176000000,9101000000,8491000000,8201000000,9070000000,7765000000,7922000000,9086000000,9520000000,9949000000,4514000000,
Monaco,MCO,"International tourism, receipts (current US$)",ST.INT.RCPT.CD,,,,,,,,,,,,,,,,,,,,,,,,,,,,,,,,,,,,,,,,,,,,,,,,,,,,,,,,,,,,,,
Moldova,MDA,"International tourism, receipts (current US$)",ST.INT.RCPT.CD,,,,,,,,,,,,,,,,,,,,,,,,,,,,,,,,,,,,71000000,50000000,74000000,64000000,49000000,57000000,58000000,72000000,79000000,112000000,138000000,150000000,229000000,293000000,240000000,222000000,253000000,279000000,324000000,328000000,300000000,344000000,442000000,500000000,527000000,354000000,
Madagascar,MDG,"International tourism, receipts (current US$)",ST.INT.RCPT.CD,,,,,,,,,,,,,,,,,,,,,,,,,,,,,,,,,,,,106000000,102000000,110000000,136000000,137000000,152000000,149000000,109000000,119000000,239000000,275000000,382000000,395000000,440000000,328000000,425000000,507000000,596000000,609000000,740000000,696000000,912000000,849000000,879000000,951000000,202000000,
Maldives,MDV,"International tourism, receipts (current US$)",ST.INT.RCPT.CD,,,,,,,,,,,,,,,,,,,,,,,,,,,,,,,,,,,,,,,,,,,,,,,,,,,,1966000000,2032000000,2422000000,2811000000,2691000000,2640000000,2771000000,3054000000,3171000000,1409000000,
Middle East & North Africa,MEA,"International tourism, receipts (current US$)",ST.INT.RCPT.CD,,,,,,,,,,,,,,,,,,,,,,,,,,,,,,,,,,,,,,,,,,,,33689198280,39185640790,44964846791,51240603054,61230252060,69065343912,69352612762,80180356239,71917597407,78853040450,78684512628,88079100651,1.00067E+11,1.03732E+11,1.18783E+11,1.31897E+11,1.45144E+11,,
Mexico,MEX,"International tourism, receipts (current US$)",ST.INT.RCPT.CD,,,,,,,,,,,,,,,,,,,,,,,,,,,,,,,,,,,,6847000000,7531000000,8184000000,8307000000,8135000000,9133000000,9190000000,9547000000,10058000000,11609000000,12801000000,13329000000,14055000000,14726000000,12542000000,12628000000,12458000000,13320000000,14311000000,16606000000,18729000000,20619000000,22467000000,23802000000,25847000000,11449000000,
Marshall Islands,MHL,"International tourism, receipts (current US$)",ST.INT.RCPT.CD,,,,,,,,,,,,,,,,,,,,,,,,,,,,,,,,,,,,2500000,3000000,3000000,3000000,2900000.095,3000000,3099999.905,3400000.095,4000000,5000000,3690000.057,3579999.924,3299999.952,2700000.048,3099999.905,3700000.048,4780000.21,4090000.153,4300000.191,5400000.095,1500000,30399999.62,18100000.38,20100000.38,,,
Middle income,MIC,"International tourism, receipts (current US$)",ST.INT.RCPT.CD,,,,,,,,,,,,,,,,,,,,,,,,,,,,,,,,,,,,,,,,,,,,,,,,,,,,,,,,,,,,,,
North Macedonia,MKD,"International tourism, receipts (current US$)",ST.INT.RCPT.CD,,,,,,,,,,,,,,,,,,,,,,,,,,,,,,,,,,,,,35000000,29000000,30000000,80000000,88000000,49000000,55000000,86000000,103000000,116000000,156000000,219000000,262000000,232000000,199000000,242000000,237000000,270000000,298000000,268000000,283000000,331000000,387000000,401000000,253000000,
Mali,MLI,"International tourism, receipts (current US$)",ST.INT.RCPT.CD,,,,,,,,,,,,,,,,,,,,,,,,,,,,,,,,,,,,26000000,27000000,25000000,28000000,36000000,47000000,91000000,105000000,136000000,142000000,149000000,175399993.9,227000000,286000000,196000000,208000000,218000000,144000000,178199996.9,213899993.9,186000000,201600006.1,206399993.9,231000000,,,
Malta,MLT,"International tourism, receipts (current US$)",ST.INT.RCPT.CD,,,,,,,,,,,,,,,,,,,,,,,,,,,,,,,,,,,,813000000,780000000,789000000,818000000,841000000,731000000,704000000,757000000,869000000,949000000,924000000,966000000,1185000000,,,,,,,,,,,,,,
Myanmar,MMR,"International tourism, receipts (current US$)",ST.INT.RCPT.CD,,,,,,,,,,,,,,,,,,,,,,,,,,,,,,,,,,,,169000000,215000000,183000000,196000000,222000000,195000000,132000000,136000000,70000000,97000000,83000000,59000000,97000000,80000000,75000000,91000000,334000000,550000000,964000000,1687000000,2199000000,2289000000,1988000000,1670000000,2501000000,,
Middle East & North Africa (excluding high income),MNA,"International tourism, receipts (current US$)",ST.INT.RCPT.CD,,,,,,,,,,,,,,,,,,,,,,,,,,,,,,,,,,,,13030065556,14664283015,15568120496,15788194701,17543367793,17739281846,18742083026,20309885241,22110120832,25745093556,28054803714,31237590616,37662480601,42737309556,43345094469,50766825857,40091887156,42877446813,38977156885,42760551002,39031279223,35484947279,43470158784,49964342954,55317558282,,
Montenegro,MNE,"International tourism, receipts (current US$)",ST.INT.RCPT.CD,,,,,,,,,,,,,,,,,,,,,,,,,,,,,,,,,,,,,,,,,,,,,,,,660000000,859000000,792000000,765000000,926000000,860000000,929000000,959000000,947000000,978000000,1110000000,1224000000,1276000000,180000000,
Mongolia,MNG,"International tourism, receipts (current US$)",ST.INT.RCPT.CD,,,,,,,,,,,,,,,,,,,,,,,,,,,,,,,,,,,,33000000,20000000,25000000,47000000,43000000,43000000,49000000,143000000,154000000,205000000,203000000,261000000,349000000,272000000,253000000,288000000,197000000,215000000,236000000,257000000,279000000,379000000,462000000,526000000,605000000,49000000,
Northern Mariana Islands,MNP,"International tourism, receipts (current US$)",ST.INT.RCPT.CD,,,,,,,,,,,,,,,,,,,,,,,,,,,,,,,,,,,,655000000,,,,,,,,,,,,,,,,,,,,,,,,,,
Mozambique,MOZ,"International tourism, receipts (current US$)",ST.INT.RCPT.CD,,,,,,,,,,,,,,,,,,,,,,,,,,,,,,,,,,,,,,,,,,,65000000,106000000,96000000,138000000,145000000,182000000,213000000,217000000,135000000,171000000,224000000,228000000,225000000,202000000,114000000,164000000,331000000,324000000,113000000,
Mauritania,MRT,"International tourism, receipts (current US$)",ST.INT.RCPT.CD,,,,,,,,,,,,,,,,,,,,,,,,,,,,,,,,,,,,,,,,,,,,,,,,,,,,,50000000,50000000,42000000,31000000,33000000,24000000,6000000,13699999.81,6400000.095,
Mauritius,MUS,"International tourism, receipts (current US$)",ST.INT.RCPT.CD,,,,,,,,,,,,,,,,,,,,,,,,,,,,,,,,,,,,616000000,705000000,666000000,672000000,718000000,732000000,820000000,829000000,960000000,1156000000,1189000000,1302000000,1663000000,1823000000,1390000000,1585000000,1808000000,1778000000,1593000000,1719000000,1680000000,1824000000,2005000000,2161000000,2024000000,518000000,
Malawi,MWI,"International tourism, receipts (current US$)",ST.INT.RCPT.CD,,,,,,,,,,,,,,,,,,,,,,,,,,,,,,,,,,,,22000000,31000000,32000000,25000000,42000000,29000000,40000000,45000000,66000000,75000000,48000000,45000000,43000000,43000000,46000000,45000000,36000000,35000000,33000000,36000000,39000000,30000000,35000000,55000000,62000000,35000000,
Malaysia,MYS,"International tourism, receipts (current US$)",ST.INT.RCPT.CD,,,,,,,,,,,,,,,,,,,,,,,,,,,,,,,,,,,,5044000000,5732000000,4925000000,3237000000,4403000000,5873000000,7627000000,8084000000,6799000000,9183000000,10389000000,12280000000,17948000000,18553000000,17231000000,19619000000,21338000000,21711000000,23283000000,24469000000,19194000000,19682000000,20311000000,21775000000,22200000000,3386000000,
North America,NAC,"International tourism, receipts (current US$)",ST.INT.RCPT.CD,,,,,,,,,,,,,,,,,,,,,,,,,,,,,,,,,,,,1.18168E+11,1.28903E+11,1.34837E+11,1.33352E+11,1.39171E+11,1.50813E+11,1.35637E+11,1.26481E+11,1.22911E+11,1.40472E+11,1.52216E+11,1.58294E+11,1.75396E+11,1.9207E+11,1.75314E+11,2.06969E+11,2.28403E+11,2.4893E+11,2.71831E+11,2.84052E+11,2.93969E+11,2.91481E+11,2.98204E+11,3.08764E+11,3.05558E+11,,
Namibia,NAM,"International tourism, receipts (current US$)",ST.INT.RCPT.CD,,,,,,,,,,,,,,,,,,,,,,,,,,,,,,,,,,,,,,,,,145000000,250000000,244000000,383000000,426000000,362000000,474000000,541000000,485000000,507000000,471000000,516000000,416000000,357000000,552000000,540000000,295000000,449000000,488000000,451000000,155000000,
New Caledonia,NCL,"International tourism, receipts (current US$)",ST.INT.RCPT.CD,,,,,,,,,,,,,,,,,,,,,,,,,,,,,,,,,,,,,,,,,,,,,,,,,267000000,236000000,226000000,285000000,288000000,287000000,287000000,246000000,248000000,,,,,
Niger,NER,"International tourism, receipts (current US$)",ST.INT.RCPT.CD,,,,,,,,,,,,,,,,,,,,,,,,,,,,,,,,,,,,,25600000.38,28600000.38,27000000,25100000.38,23100000.38,30100000.38,20200000.76,27500000,32299999.24,43900001.53,39000000,44000000,86000000,69000000,105500000,54000000,51000000,59000000,100000000,80000000,84000000,91000000,114000000,130000000,,
Nigeria,NGA,"International tourism, receipts (current US$)",ST.INT.RCPT.CD,,,,,,,,,,,,,,,,,,,,,,,,,,,,,,,,,,,,47000000,58000000,83000000,81000000,99000000,186000000,168000000,256000000,58000000,49000000,139000000,209000000,337000000,958000000,791000000,736000000,688000000,638000000,616000000,605000000,461000000,1088000000,2615000000,1977000000,1471000000,321000000,
Nicaragua,NIC,"International tourism, receipts (current US$)",ST.INT.RCPT.CD,,,,,,,,,,,,,,,,,,,,,,,,,,,,,,,,,,,,51000000,55000000,82000000,103000000,128000000,,,,,,,,,,,,,,,,,,,,,,
Netherlands,NLD,"International tourism, receipts (current US$)",ST.INT.RCPT.CD,,,,,,,,,,,,,,,,,,,,,,,,,,,,,,,,,,,,10611000000,11497000000,11750000000,11923000000,12451000000,11285000000,11147000000,11745000000,14603000000,16495000000,,,,,,,,17675000000,19429000000,19669000000,17558000000,19421800781,21844699219,23919099609,23723900391,10926200195,
Norway,NOR,"International tourism, receipts (current US$)",ST.INT.RCPT.CD,,,,,,,,,,,,,,,,,,,,,,,,,,,,,,,,,,,,2730000000,2770000000,2570000000,2545000000,2750000000,2521000000,2380000000,2581000000,2989000000,3531000000,4243000000,4289000000,5322000000,5702000000,4949000000,5299000000,6565000000,6784000000,7175000000,7503000000,6370000000,6285000000,6565000000,7280000000,7040000000,2196000000,
Nepal,NPL,"International tourism, receipts (current US$)",ST.INT.RCPT.CD,,,,,,,,,,,,,,,,,,,,,,,,,,,,,,,,,,,,232000000,237000000,201000000,248000000,229000000,219000000,191000000,134000000,232000000,260000000,160000000,157000000,234000000,353000000,439000000,378000000,415000000,379000000,460000000,511000000,509000000,498000000,712000000,740000000,801000000,238000000,
Nauru,NRU,"International tourism, receipts (current US$)",ST.INT.RCPT.CD,,,,,,,,,,,,,,,,,,,,,,,,,,,,,,,,,,,,,,,,,,,,,,,,,600000,500000,600000,1000000,1000000,1500000,6800000,1700000,3400000,3900000,1600000,,,
New Zealand,NZL,"International tourism, receipts (current US$)",ST.INT.RCPT.CD,,,,,,,,,,,,,,,,,,,,,,,,,,,,,,,,,,,,2318000000,2553000000,2211000000,1857000000,2234000000,2272000000,2340000000,3159000000,4232000000,5098000000,6486000000,6148000000,7190000000,6961000000,5979000000,6523000000,7295000000,7142000000,7434000000,8582000000,9464000000,9773000000,10594000000,10961000000,,,
OECD members,OED,"International tourism, receipts (current US$)",ST.INT.RCPT.CD,,,,,,,,,,,,,,,,,,,,,,,,,,,,,,,,,,,,3.55862E+11,3.77708E+11,3.81691E+11,3.87959E+11,3.91952E+11,3.94531E+11,3.73634E+11,3.78218E+11,4.16431E+11,4.82737E+11,5.15064E+11,5.41515E+11,6.1428E+11,6.80588E+11,6.15198E+11,6.60381E+11,7.35999E+11,7.54918E+11,8.10931E+11,8.60418E+11,8.37045E+11,8.47292E+11,9.07571E+11,9.84306E+11,9.97064E+11,,
Oman,OMN,"International tourism, receipts (current US$)",ST.INT.RCPT.CD,,,,,,,,,,,,,,,,,,,,,,,,,,,,,,,,,,,,,,,338000000,350000000,377000000,538000000,539000000,546000000,601000000,627000000,749000000,905000000,1105000000,1092000000,1072000000,1515000000,1723000000,1888000000,1971000000,2247000000,2324000000,2629000000,2874000000,3077000000,669000000,
Other small states,OSS,"International tourism, receipts (current US$)",ST.INT.RCPT.CD,,,,,,,,,,,,,,,,,,,,,,,,,,,,,,,,,,,,,,,,,,,,,,,,,,,,,,,,,,,,,,
Pakistan,PAK,"International tourism, receipts (current US$)",ST.INT.RCPT.CD,,,,,,,,,,,,,,,,,,,,,,,,,,,,,,,,,,,,582000000,590000000,618000000,556000000,492000000,551000000,533000000,562000000,620000000,765000000,828000000,919000000,912000000,986000000,950000000,998000000,1127000000,1014000000,938000000,971000000,915000000,790000000,865000000,845000000,992000000,765000000,
Panama,PAN,"International tourism, receipts (current US$)",ST.INT.RCPT.CD,,,,,,,,,,,,,,,,,,,,,,,,,,,,,,,,,,,,372000000,432000000,471000000,492000000,506000000,628000000,665000000,710000000,804000000,903000000,1108000000,1425000000,1806000000,2208000000,2280000000,2621000000,3630000000,4585000000,5419000000,5749000000,5754000000,6283000000,6827000000,7139000000,7052000000,1841000000,
Peru,PER,"International tourism, receipts (current US$)",ST.INT.RCPT.CD,,,,,,,,,,,,,,,,,,,,,,,,,,,,,,,,,,,,521000000,773000000,911000000,947000000,911000000,861000000,763000000,836000000,1023000000,1232000000,1438000000,1775000000,2007000000,2396000000,2440000000,2475000000,2814000000,3074000000,3916000000,3907000000,4140000000,4288000000,4439000000,4505000000,4703000000,1002000000,
Philippines,PHL,"International tourism, receipts (current US$)",ST.INT.RCPT.CD,,,,,,,,,,,,,,,,,,,,,,,,,,,,,,,,,,,,1141000000,1551000000,2347000000,1431000000,2652000000,2334000000,2011000000,2018000000,1821000000,2390000000,2863000000,4051000000,5523000000,3293000000,2916000000,3441000000,4053000000,4963000000,5599000000,6059000000,6414000000,6289000000,8349000000,9715000000,11455000000,2769000000,
Palau,PLW,"International tourism, receipts (current US$)",ST.INT.RCPT.CD,,,,,,,,,,,,,,,,,,,,,,,,,,,,,,,,,,,,,,,,,,,,,,63000000,60000000,68000000,78000000,76000000,76000000,94000000,109000000,117000000,131000000,156000000,148000000,123000000,,,,
Papua New Guinea,PNG,"International tourism, receipts (current US$)",ST.INT.RCPT.CD,,,,,,,,,,,,,,,,,,,,,,,,,,,,,,,,,,,,,,,,,,,,4900000.095,7099999.905,9399999.619,3930000.067,4500000,3700000.048,,2400000.095,5099999.905,,3700000.048,2799999.952,,1600000.024,15260000.23,4230000.019,,,
Poland,POL,"International tourism, receipts (current US$)",ST.INT.RCPT.CD,,,,,,,,,,,,,,,,,,,,,,,,,,,,,,,,,,,,6927000000,8764000000,9053000000,8321000000,6498000000,6128000000,5121000000,4971000000,4733000000,6521000000,7161000000,8153000000,11729000000,12897000000,9888000000,9875000000,11471000000,11704000000,12242000000,12691000000,11164000000,11922000000,13925000000,15569000000,15712000000,8379000000,
Pre-demographic dividend,PRE,"International tourism, receipts (current US$)",ST.INT.RCPT.CD,,,,,,,,,,,,,,,,,,,,,,,,,,,,,,,,,,,,,,3185931037,3416535491,3563295293,2546886545,3181177308,3432496670,3706870422,4323237265,5155748516,5881459570,8204741983,9507414750,9675886298,10715433058,11702260644,13233225046,14150528914,15267753206,14884321870,16057706734,18096161336,17270492334,19266611570,,
Puerto Rico,PRI,"International tourism, receipts (current US$)",ST.INT.RCPT.CD,,,,,,,,,,,,,,,,,,,,,,,,,,,,,,,,,,,,1828000000,1898000000,2046000000,2233000000,2139000000,2388000000,2728000000,2486000000,2677000000,3024000000,3239000000,3369000000,3414000000,3535000000,3176000000,3211000000,3143000000,3193000000,3311000000,3439000000,3825000000,3974000000,3868000000,3303000000,3612000000,2921000000,
"Korea, Dem. People's Rep.",PRK,"International tourism, receipts (current US$)",ST.INT.RCPT.CD,,,,,,,,,,,,,,,,,,,,,,,,,,,,,,,,,,,,,,,,,,,,,,,,,,,,,,,,,,,,,,
Portugal,PRT,"International tourism, receipts (current US$)",ST.INT.RCPT.CD,,,,,,,,,,,,,,,,,,,,,,,,,,,,,,,,,,,,5646000000,5572000000,5415000000,6390000000,6047000000,6029000000,6264000000,6643000000,7687000000,8902000000,9038000000,10487000000,12945000000,14081000000,12357000000,12984000000,14911000000,14578000000,16080000000,17577000000,16007000000,17347000000,21586000000,24366000000,24592000000,10522000000,
Paraguay,PRY,"International tourism, receipts (current US$)",ST.INT.RCPT.CD,,,,,,,,,,,,,,,,,,,,,,,,,,,,,,,,,,,,162000000,159000000,145000000,128000000,95000000,88000000,91000000,76000000,81000000,87000000,96000000,112000000,121000000,128000000,225000000,243000000,261000000,291000000,299000000,314000000,348000000,356000000,399000000,393000000,409000000,104000000,
West Bank and Gaza,PSE,"International tourism, receipts (current US$)",ST.INT.RCPT.CD,,,,,,,,,,,,,,,,,,,,,,,,,,,,,,,,,,,,255000000,242000000,239000000,346000000,377000000,94000000,14000000,14000000,66000000,84000000,52000000,25000000,99000000,146000000,193000000,409000000,615000000,469000000,524000000,412000000,312000000,235000000,225000000,245000000,,,
Pacific island small states,PSS,"International tourism, receipts (current US$)",ST.INT.RCPT.CD,,,,,,,,,,,,,,,,,,,,,,,,,,,,,,,,,,,,573627135.9,586004716.8,591809382.6,487100587.8,540277889.6,460898875.3,481279973.6,573066767.7,722400520.7,851214395.8,1017098087,1022198447,1121568629,1421896983,1187653834,1378233235,1581634366,1671951539,1705351733,1820070721,1806695409,1932423304,2029445732,2248465668,2233673134,,
Post-demographic dividend,PST,"International tourism, receipts (current US$)",ST.INT.RCPT.CD,,,,,,,,,,,,,,,,,,,,,,,,,,,,,,,,,,,,3.44129E+11,3.61931E+11,3.63114E+11,3.68946E+11,3.74758E+11,3.78601E+11,3.61174E+11,3.68941E+11,4.076E+11,4.76119E+11,5.07231E+11,5.3853E+11,6.12239E+11,6.7995E+11,6.17085E+11,6.84938E+11,7.77852E+11,8.05874E+11,8.67693E+11,9.10481E+11,8.63146E+11,8.80103E+11,9.34171E+11,1.01162E+12,1.00079E+12,,
French Polynesia,PYF,"International tourism, receipts (current US$)",ST.INT.RCPT.CD,,,,,,,,,,,,,,,,,,,,,,,,,,,,,,,,,,,,326000000,322000000,345000000,354000000,394000000,,,471000000,651000000,737000000,759000000,,,737000000,618000000,630000000,725000000,720000000,746000000,835000000,758000000,782000000,,,,,
Qatar,QAT,"International tourism, receipts (current US$)",ST.INT.RCPT.CD,,,,,,,,,,,,,,,,,,,,,,,,,,,,,,,,,,,,,,,,,,,,,,,,,,,,4463000000,7220000000,8452000000,10576000000,12131000000,12593000000,15757000000,15239000000,15647000000,14318000000,
Romania,ROU,"International tourism, receipts (current US$)",ST.INT.RCPT.CD,,,,,,,,,,,,,,,,,,,,,,,,,,,,,,,,,,,,689000000,670000000,603000000,351000000,306000000,394000000,419000000,400000000,523000000,607000000,1324000000,1675000000,2073000000,2626000000,1688000000,1631000000,2016000000,1904000000,2307000000,2388000000,2229000000,2474000000,3553000000,3879000000,4240000000,1611000000,
Russian Federation,RUS,"International tourism, receipts (current US$)",ST.INT.RCPT.CD,,,,,,,,,,,,,,,,,,,,,,,,,,,,,,,,,,,,,,,,,,4726000000,5278000000,5879000000,7262000000,7805000000,9720000000,12426000000,15821000000,12369000000,13239000000,16961000000,17876000000,20198000000,19451000000,13186000000,12822000000,14938000000,18735000000,17235000000,4961000000,
Rwanda,RWA,"International tourism, receipts (current US$)",ST.INT.RCPT.CD,,,,,,,,,,,,,,,,,,,,,,,,,,,,,,,,,,,,4000000,6000000,19000000,20000000,21000000,27000000,29000000,,,,67000000,148000000,177000000,224000000,223000000,224000000,298000000,337000000,364000000,376000000,427000000,443000000,496500000,547000000,635900024.4,212000000,
South Asia,SAS,"International tourism, receipts (current US$)",ST.INT.RCPT.CD,,,,,,,,,,,,,,,,,,,,,,,,,,,,,,,,,,,,,,,,,,,,,,,,,,,,,23886000000,25794000000,28701000000,29921300003,32045300003,37826000000,39918000000,41884000000,,
Saudi Arabia,SAU,"International tourism, receipts (current US$)",ST.INT.RCPT.CD,,,,,,,,,,,,,,,,,,,,,,,,,,,,,,,,,,,,,,,,,,,,3418000000,,,,6907000000,6775000000,6744000000,7536000000,9317000000,8400000000,8690000000,9263000000,11183000000,13438000000,15020000000,16974000000,19849000000,5960000000,
Sudan,SDN,"International tourism, receipts (current US$)",ST.INT.RCPT.CD,,,,,,,,,,,,,,,,,,,,,,,,,,,,,,,,,,,,8000000,8000000,4000000,2000000,2000000,5000000,3000000,108000000,17000000,21000000,114000000,194000000,390000000,255000000,231000000,82000000,179000000,772000000,773000000,967000000,949000000,1009000000,1029000000,1043000000,,,
Senegal,SEN,"International tourism, receipts (current US$)",ST.INT.RCPT.CD,,,,,,,,,,,,,,,,,,,,,,,,,,,,,,,,,,,,168180313.1,164000000,171000000,181000000,183000000,152000000,175000000,210000000,269000000,286000000,334000000,329000000,622000000,640000000,475000000,464000000,525000000,469000000,495000000,482000000,417000000,439000000,470000000,557000000,,,
Singapore,SGP,"International tourism, receipts (current US$)",ST.INT.RCPT.CD,,,,,,,,,,,,,,,,,,,,,,,,,,,,,,,,,,,,7611000000,7402000000,6326000000,4603000000,5089000000,5142000000,4641000000,4458000000,3842000000,5327000000,6209000000,7536000000,9066000000,10615000000,9225000000,14178000000,17929000000,18795000000,19231000000,19161000000,16617000000,18944000000,19891000000,20416000000,,,
Solomon Islands,SLB,"International tourism, receipts (current US$)",ST.INT.RCPT.CD,,,,,,,,,,,,,,,,,,,,,,,,,,,,,,,,,,,,17100000.38,16000000,9699999.809,7099999.905,9699999.809,4000000,8800000.191,800000.0119,1600000.024,3519999.981,6400000.095,30899999.62,33099998.47,31200000.76,39299999.24,50799999.24,65900001.53,65400001.53,70500000,64800003.05,60000000,71000000,79000000,92000000,82000000,7000000,
Sierra Leone,SLE,"International tourism, receipts (current US$)",ST.INT.RCPT.CD,,,,,,,,,,,,,,,,,,,,,,,,,,,,,,,,,,,,57000000,29000000,10000000,6000000,6000000,10000000,14000000,38000000,60000000,58000000,64000000,23000000,22000000,34000000,25000000,26000000,44000000,47000000,66000000,35000000,37000000,41000000,39000000,39000000,,,
El Salvador,SLV,"International tourism, receipts (current US$)",ST.INT.RCPT.CD,,,,,,,,,,,,,,,,,,,,,,,,,,,,,,,,,,,,152000000,155000000,,,408000000,437000000,452000000,521000000,664000000,748000000,656000000,686000000,793000000,711000000,549000000,646000000,729000000,900000000,1054000000,1285000000,1203000000,1161000000,1227000000,1370000000,1664000000,755000000,
San Marino,SMR,"International tourism, receipts (current US$)",ST.INT.RCPT.CD,,,,,,,,,,,,,,,,,,,,,,,,,,,,,,,,,,,,,,,,,,,,,,,,,,,,,,,,,,,,,,
Somalia,SOM,"International tourism, receipts (current US$)",ST.INT.RCPT.CD,,,,,,,,,,,,,,,,,,,,,,,,,,,,,,,,,,,,,,,,,,,,,,,,,,,,,,,,,,,,,,
Serbia,SRB,"International tourism, receipts (current US$)",ST.INT.RCPT.CD,,,,,,,,,,,,,,,,,,,,,,,,,,,,,,,,,,,,,,,,,,,77000000,159000000,220000000,308000000,416000000,1018000000,1114000000,986000000,950000000,1149000000,1080000000,1221000000,1352000000,1322000000,1461000000,1706000000,1941000000,2000000000,1422000000,
Sub-Saharan Africa (excluding high income),SSA,"International tourism, receipts (current US$)",ST.INT.RCPT.CD,,,,,,,,,,,,,,,,,,,,,,,,,,,,,,,,,,,,6701955912,7535736006,8136593332,8619570779,8961427913,7995682016,8588341996,9514753152,13599193302,15842597635,18005450110,20141265480,23805997303,24095314985,22348248632,25073606727,27688408246,29953028926,29881879340,31015771032,28232287981,28500418419,32478410641,34873646198,34263192235,,
South Sudan,SSD,"International tourism, receipts (current US$)",ST.INT.RCPT.CD,,,,,,,,,,,,,,,,,,,,,,,,,,,,,,,,,,,,,,,,,,,,,,,,,,,,,,,,22000000,23500000,26000000,12000000,,,
Sub-Saharan Africa,SSF,"International tourism, receipts (current US$)",ST.INT.RCPT.CD,,,,,,,,,,,,,,,,,,,,,,,,,,,,,,,,,,,,6947962037,7728682916,8343158545,8820855797,9174543919,8236189717,8823939169,9778100649,13873282500,16114153054,18290611481,20483792703,24226010745,24528071972,22718361775,25446513189,28090888000,30407598947,30395296705,31525801556,28744759940,29035443371,33098286016,35520914707,34919262973,,
Small states,SST,"International tourism, receipts (current US$)",ST.INT.RCPT.CD,,,,,,,,,,,,,,,,,,,,,,,,,,,,,,,,,,,,,,,,,,,,,,,,,,,,27461355189,31534003912,34143591415,39264024276,41277918133,44254737521,50207227370,51565534602,52579729788,,
Sao Tome and Principe,STP,"International tourism, receipts (current US$)",ST.INT.RCPT.CD,,,,,,,,,,,,,,,,,,,,,,,,,,,,,,,,,,,,,,,4100000,9200000,9900000,6200000,6900000,7400000,7700000,7300000,6700000,5000000,7700000,8300000,11100000,15900000,15000000,30900000,56100000,62500000,69100000,65900000,71900000,,,
Suriname,SUR,"International tourism, receipts (current US$)",ST.INT.RCPT.CD,,,,,,,,,,,,,,,,,,,,,,,,,,,,,,,,,,,,52000000,44000000,38000000,36000000,45000000,42000000,26000000,17000000,18000000,52000000,96000000,109000000,73000000,83000000,70000000,69000000,69000000,79000000,92000000,103000000,99000000,74000000,61000000,73000000,64000000,19000000,
Slovak Republic,SVK,"International tourism, receipts (current US$)",ST.INT.RCPT.CD,,,,,,,,,,,,,,,,,,,,,,,,,,,,,,,,,,,,630000000,681000000,555000000,493000000,465000000,441000000,649000000,742000000,876000000,931000000,1282000000,1655000000,2352000000,3096000000,2541000000,2334000000,2515000000,2365000000,2702000000,2642000000,2480000000,2812000000,3024000000,3318000000,3350000000,1303000000,
Slovenia,SVN,"International tourism, receipts (current US$)",ST.INT.RCPT.CD,,,,,,,,,,,,,,,,,,,,,,,,,,,,,,,,,,,,1128000000,1280000000,1225000000,1135000000,1011000000,1016000000,1059000000,1152000000,1427000000,1725000000,1894000000,2075000000,2464000000,2955000000,2817000000,2808000000,3048000000,2793000000,2966000000,3052000000,2594000000,2717899902,3055100098,3377500000,3353100098,1418000000,
Sweden,SWE,"International tourism, receipts (current US$)",ST.INT.RCPT.CD,,,,,,,,,,,,,,,,,,,,,,,,,,,,,,,,,,,,4390000000,4534000000,4025000000,4997000000,4943000000,4825000000,5200000000,5671000000,6548000000,7686000000,7628000000,9714000000,11889000000,11732000000,9769000000,10674000000,,,,,,,,,,,
Eswatini,SWZ,"International tourism, receipts (current US$)",ST.INT.RCPT.CD,,,,,,,,,,,,,,,,,,,,,,,,,,,,,,,,,,,,54000000,42000000,44000000,51000000,15000000,24000000,23000000,45000000,70040000.92,75099998.47,77300003.05,75099998.47,32200000.76,26299999.24,40099998.47,51400001.53,10100000.38,29100000.38,4199999.809,15600000.38,14199999.81,13199999.81,13199999.81,16399999.62,14300000.19,7300000.191,
Sint Maarten (Dutch part),SXM,"International tourism, receipts (current US$)",ST.INT.RCPT.CD,,,,,,,,,,,,,,,,,,,,,,,,,,,,,,,,,,,,,,,,,,,,,,,,665000000,667000000,619000000,681000000,729000000,854000000,871000000,922000000,913000000,871000000,646000000,468000000,708000000,243000000,
Seychelles,SYC,"International tourism, receipts (current US$)",ST.INT.RCPT.CD,,,,,,,,,,,,,,,,,,,,,,,,,,,,,,,,,,,,224000000,182000000,195000000,191000000,202000000,225000000,221000000,247000000,258000000,256000000,269000000,323000000,396000000,408000000,349000000,352000000,380000000,429000000,484000000,481000000,483000000,505000000,585000000,611000000,618000000,228000000,
Syrian Arab Republic,SYR,"International tourism, receipts (current US$)",ST.INT.RCPT.CD,,,,,,,,,,,,,,,,,,,,,,,,,,,,,,,,,,,,,,,,,,,,877000000,1883000000,2035000000,2113000000,2972000000,3176000000,3781000000,6308000000,1816000000,,,,,,,,,,
Turks and Caicos Islands,TCA,"International tourism, receipts (current US$)",ST.INT.RCPT.CD,,,,,,,,,,,,,,,,,,,,,,,,,,,,,,,,,,,,53000000,99000000,113000000,157000000,238000000,285000000,311000000,292000000,,,,,,,,,,,,,,,,,,,
Chad,TCD,"International tourism, receipts (current US$)",ST.INT.RCPT.CD,,,,,,,,,,,,,,,,,,,,,,,,,,,,,,,,,,,,43000000,22000000,22000000,15000000,15000000,14000000,23000000,25000000,,,,,,,,,,,,,,,,,,,
East Asia & Pacific (IDA & IBRD countries),TEA,"International tourism, receipts (current US$)",ST.INT.RCPT.CD,,,,,,,,,,,,,,,,,,,,,,,,,,,,,,,,,,,,,,,,,,,,,,,,,,,,,,,,,,,,,,
Europe & Central Asia (IDA & IBRD countries),TEC,"International tourism, receipts (current US$)",ST.INT.RCPT.CD,,,,,,,,,,,,,,,,,,,,,,,,,,,,,,,,,,,,,,,,,,,,,,56602197911,60846508473,76077119597,91696030176,78249661827,78234405211,92930188769,97291038400,1.09574E+11,1.08623E+11,91594085452,85964198034,1.01717E+11,1.15984E+11,1.21077E+11,,
Togo,TGO,"International tourism, receipts (current US$)",ST.INT.RCPT.CD,,,,,,,,,,,,,,,,,,,,,,,,,,,,,,,,,,,,,,,15000000,10000000,11000000,14000000,16000000,26000000,25000000,27000000,23000000,38000000,44000000,73000000,105000000,209000000,206000000,233000000,233000000,212000000,223000000,245000000,269000000,264000000,,
Thailand,THA,"International tourism, receipts (current US$)",ST.INT.RCPT.CD,,,,,,,,,,,,,,,,,,,,,,,,,,,,,,,,,,,,9257000000,10367000000,9052000000,7954000000,9416000000,9935000000,9378000000,10388000000,10456000000,13054000000,12103000000,16624000000,20625000000,22510000000,19811000000,23796000000,30924000000,34565000000,41765000000,38451000000,44851000000,48459000000,57057000000,61383000000,64371000000,15360000000,
Tajikistan,TJK,"International tourism, receipts (current US$)",ST.INT.RCPT.CD,,,,,,,,,,,,,,,,,,,,,,,,,,,,,,,,,,,,,,,,,,,5000000,6199999.809,9600000.381,9100000.381,11199999.81,16500000,23700000.76,19500000,141500000,184100006.1,286600006.1,233300003.1,220199996.9,146000000,149600006.1,171600006.1,170899993.9,179100006.1,102400001.5,
Turkmenistan,TKM,"International tourism, receipts (current US$)",ST.INT.RCPT.CD,,,,,,,,,,,,,,,,,,,,,,,,,,,,,,,,,,,,,13000000,46000000,,,,,,,,,,,,,,,,,,,,,,,,
Latin America & the Caribbean (IDA & IBRD countries),TLA,"International tourism, receipts (current US$)",ST.INT.RCPT.CD,,,,,,,,,,,,,,,,,,,,,,,,,,,,,,,,,,,,20296520505,22417096702,24091557988,25426971720,25857520346,28136680703,27530214581,26649066562,29524858029,34101255368,38623453342,42654605076,47856660147,52108354074,48009206773,50557168256,55251720176,59874589652,63862361844,70022743701,72190861861,76695528986,81435539842,85166901576,86710962274,,
Timor-Leste,TLS,"International tourism, receipts (current US$)",ST.INT.RCPT.CD,,,,,,,,,,,,,,,,,,,,,,,,,,,,,,,,,,,,,,,,,,,,,,,20300000,26000000,14000000,16000000,24000000,18000000,21000000,29000000,35000000,51000000,58000000,73000000,78000000,,,
Middle East & North Africa (IDA & IBRD countries),TMN,"International tourism, receipts (current US$)",ST.INT.RCPT.CD,,,,,,,,,,,,,,,,,,,,,,,,,,,,,,,,,,,,12656245000,14313359252,15223360394,15277811536,16987825615,17623088943,18751670311,20322226453,22038954488,25654681705,27998007295,31208226350,37556175311,42582021033,43141340720,50339801577,39460727242,42401636570,38441546950,42344851256,38719457235,35252808778,43252384810,49728453994,55056396011,,
Tonga,TON,"International tourism, receipts (current US$)",ST.INT.RCPT.CD,,,,,,,,,,,,,,,,,,,,,,,,,,,,,,,,,,,,,,,,,,,,,13100000.38,15000000,,15199999.81,18000000,18399999.62,17299999.24,32500000,40000000,47000000,38299999.24,46400001.53,52700000.76,48500000,48099998.47,57099998.47,47700000.76,
South Asia (IDA & IBRD),TSA,"International tourism, receipts (current US$)",ST.INT.RCPT.CD,,,,,,,,,,,,,,,,,,,,,,,,,,,,,,,,,,,,,,,,,,,,,,,,,,,,,,,,,,,,,,
Sub-Saharan Africa (IDA & IBRD countries),TSS,"International tourism, receipts (current US$)",ST.INT.RCPT.CD,,,,,,,,,,,,,,,,,,,,,,,,,,,,,,,,,,,,6947962037,7728682916,8343158545,8820855797,9174543919,8236189717,8823939169,9778100649,13873282500,16114153054,18290611481,20483792703,24226010745,24528071972,22718361775,25446513189,28090888000,30407598947,30395296705,31525801556,28744759940,29035443371,33098286016,35520914707,34919262973,,
Trinidad and Tobago,TTO,"International tourism, receipts (current US$)",ST.INT.RCPT.CD,,,,,,,,,,,,,,,,,,,,,,,,,,,,,,,,,,,,232000000,262000000,344000000,356000000,365000000,371000000,361000000,402000000,437000000,568000000,593000000,517000000,621000000,557000000,548000000,630000000,650000000,852000000,856000000,875000000,809000000,708000000,717000000,541000000,481000000,151000000,
Tunisia,TUN,"International tourism, receipts (current US$)",ST.INT.RCPT.CD,,,,,,,,,,,,,,,,,,,,,,,,,,,,,,,,,,,,1838000000,1895000000,1858000000,1980000000,2118000000,1977000000,2061000000,1831000000,1935000000,2432000000,2800000000,2999000000,3373000000,3909000000,3524000000,3477000000,2529000000,2931000000,2863000000,3042000000,1869000000,1706000000,1782000000,2320000000,2683000000,1007000000,
Turkiye,TUR,"International tourism, receipts (current US$)",ST.INT.RCPT.CD,,,,,,,,,,,,,,,,,,,,,,,,,,,,,,,,,,,,,,,,,,,,,,20760000000,19137000000,21662000000,26446000000,26331000000,26318000000,30302000000,31566000000,37984000000,40028000000,35648000000,26505000000,31993000000,36791000000,41415000000,13771000000,
Tuvalu,TUV,"International tourism, receipts (current US$)",ST.INT.RCPT.CD,,,,,,,,,,,,,,,,,,,,,,,,,,,,,,,,,,,,,,,,,,,,,,1200000,1200000,1500000,1900000,1500000,2400000,2400000,2700000,2400000,,,,,,,,
Tanzania,TZA,"International tourism, receipts (current US$)",ST.INT.RCPT.CD,,,,,,,,,,,,,,,,,,,,,,,,,,,,,,,,,,,,,,343000000,404000000,467000000,381000000,626000000,639000000,654000000,762000000,835000000,986000000,1215000000,1293000000,1192000000,1279000000,1383000000,1754000000,1939000000,2047000000,1924000000,2149000000,2265000000,2465000000,2624500000,,
Uganda,UGA,"International tourism, receipts (current US$)",ST.INT.RCPT.CD,,,,,,,,,,,,,,,,,,,,,,,,,,,,,,,,,,,,,,,,,,187000000,194000000,185000000,268000000,382000000,347000000,402000000,536000000,683000000,802000000,977000000,1157000000,960000000,984000000,1049000000,1118000000,954000000,1522000000,1400000000,518000000,
Ukraine,UKR,"International tourism, receipts (current US$)",ST.INT.RCPT.CD,,,,,,,,,,,,,,,,,,,,,,,,,,,,,,,,,,,,,448000000,477000000,539000000,503000000,563000000,759000000,1001000000,1204000000,2931000000,3542000000,4018000000,5320000000,6722000000,4349000000,4696000000,5406000000,5988000000,5931000000,2264000000,1662000000,1723000000,2019000000,2269000000,2595000000,687000000,
Upper middle income,UMC,"International tourism, receipts (current US$)",ST.INT.RCPT.CD,,,,,,,,,,,,,,,,,,,,,,,,,,,,,,,,,,,,,,,,,,,,,,,,,,,,,,,,,,,,,,
Uruguay,URY,"International tourism, receipts (current US$)",ST.INT.RCPT.CD,,,,,,,,,,,,,,,,,,,,,,,,,,,,,,,,,,,,725000000,890000000,862000000,,,827000000,700000000,409000000,419000000,591000000,699000000,711000000,928000000,1195000000,1460000000,1669000000,2401000000,2666000000,2481000000,2341000000,2349000000,2396000000,2924000000,2708000000,2335000000,1085000000,
United States,USA,"International tourism, receipts (current US$)",ST.INT.RCPT.CD,,,,,,,,,,,,,,,,,,,,,,,,,,,,,,,,,,,,93743000000,1.02196E+11,1.07047E+11,1.05095E+11,1.09188E+11,1.18316E+11,1.05454E+11,97415000000,94814000000,1.0721E+11,1.16682E+11,1.2103E+11,1.348E+11,1.49094E+11,1.37111E+11,1.61821E+11,1.78935E+11,1.95113E+11,2.13105E+11,2.22746E+11,2.30574E+11,2.28549E+11,2.33758E+11,2.41984E+11,2.39447E+11,84205000000,
Uzbekistan,UZB,"International tourism, receipts (current US$)",ST.INT.RCPT.CD,,,,,,,,,,,,,,,,,,,,,,,,,,,,,,,,,,,,,15000000,198000000,167000000,102000000,63000000,72000000,68000000,48000000,57000000,,,,,,,,,,660000000,688000000,579000000,835000000,1314000000,1679000000,395000000,
St. Vincent and the Grenadines,VCT,"International tourism, receipts (current US$)",ST.INT.RCPT.CD,,,,,,,,,,,,,,,,,,,,,,,,,,,,,,,,,,,,,,,,,,,,,,,,,,,,,,,178500000,211100006.1,221300003.1,215399993.9,231000000,255000000,85000000,
"Venezuela, RB",VEN,"International tourism, receipts (current US$)",ST.INT.RCPT.CD,,,,,,,,,,,,,,,,,,,,,,,,,,,,,,,,,,,,995000000,1026000000,623000000,769000000,643000000,469000000,677000000,484000000,378000000,554000000,722000000,843000000,972000000,1097000000,1053000000,885000000,806000000,904000000,926000000,900000000,654000000,546000000,,,,,
British Virgin Islands,VGB,"International tourism, receipts (current US$)",ST.INT.RCPT.CD,,,,,,,,,,,,,,,,,,,,,,,,,,,,,,,,,,,,211000000,227000000,220000000,255000000,339000000,345000000,401000000,345000000,342000000,393000000,412000000,438000000,451000000,446000000,374000000,389000000,388000000,398000000,421000000,459000000,484000000,,,,,,
Virgin Islands (U.S.),VIR,"International tourism, receipts (current US$)",ST.INT.RCPT.CD,,,,,,,,,,,,,,,,,,,,,,,,,,,,,,,,,,,,822000000,781000000,894000000,941000000,955000000,1206000000,1234000000,1195000000,1257000000,1356000000,1432000000,1468000000,1513000000,1157000000,1021000000,1223000000,1122000000,1210000000,1168000000,1319000000,1324000000,1343000000,1202000000,993000000,1031000000,686000000,
Vietnam,VNM,"International tourism, receipts (current US$)",ST.INT.RCPT.CD,,,,,,,,,,,,,,,,,,,,,,,,,,,,,,,,,,,,,,,,,,,,1400000000,1700000000,2300000000,2850000000,3750000000,3930000000,3050000000,4450000000,5710000000,6850000000,7250000000,7410000000,7350000000,8500000000,8890000000,10080000000,11830000000,3232000000,
Vanuatu,VUT,"International tourism, receipts (current US$)",ST.INT.RCPT.CD,,,,,,,,,,,,,,,,,,,,,,,,,,,,,,,,,,,,,,,72000000,59000000,69000000,58000000,72000000,83000000,93000000,104000000,109000000,142000000,188000000,214000000,242000000,249000000,268000000,314000000,284000000,254000000,275000000,289000000,325000000,295000000,67000000,
World,WLD,"International tourism, receipts (current US$)",ST.INT.RCPT.CD,,,,,,,,,,,,,,,,,,,,,,,,,,,,,,,,,,,,5.22216E+11,5.55405E+11,5.60356E+11,5.65196E+11,5.83237E+11,5.96265E+11,5.7866E+11,5.95909E+11,6.46314E+11,7.6767E+11,8.29031E+11,8.96937E+11,1.04025E+12,1.15339E+12,1.05249E+12,1.16638E+12,1.30782E+12,1.37544E+12,1.48187E+12,1.56328E+12,1.51675E+12,1.54114E+12,1.68121E+12,1.82996E+12,1.86307E+12,,
Samoa,WSM,"International tourism, receipts (current US$)",ST.INT.RCPT.CD,,,,,,,,,,,,,,,,,,,,,,,,,,,,,,,,,,,,35699440,40398021.7,38511844.64,39600471.5,42500000,,,,,70000000,73800003.05,88400001.53,102400001.5,111599998.5,115199996.9,123699996.9,134899993.9,148199996.9,137199996.9,147699996.9,142399993.9,148699996.9,167000000,192300003.1,206100006.1,23059999.47,
Kosovo,XKX,"International tourism, receipts (current US$)",ST.INT.RCPT.CD,,,,,,,,,,,,,,,,,,,,,,,,,,,,,,,,,,,,,,,,,,,,,,,,,,,,,,,,,,,,,,
"Yemen, Rep.",YEM,"International tourism, receipts (current US$)",ST.INT.RCPT.CD,,,,,,,,,,,,,,,,,,,,,,,,,,,,,,,,,,,,,,,,,,,,,,,,,,,1291000000,910000000,1005000000,1097000000,1199000000,116000000,116000000,,,,,
South Africa,ZAF,"International tourism, receipts (current US$)",ST.INT.RCPT.CD,,,,,,,,,,,,,,,,,,,,,,,,,,,,,,,,,,,,2654000000,3137000000,3422000000,3419000000,3407000000,3338000000,3256000000,3695000000,6674000000,7571000000,8629000000,9211000000,10226000000,9178000000,8684000000,10309000000,10706000000,11202000000,10468000000,10484000000,9140000000,8807000000,9706000000,9789000000,9064000000,2716000000,
Zambia,ZMB,"International tourism, receipts (current US$)",ST.INT.RCPT.CD,,,,,,,,,,,,,,,,,,,,,,,,,,,,,,,,,,,,,,,,,,,,,,,,,,,,,,,,,,,,,,
Zimbabwe,ZWE,"International tourism, receipts (current US$)",ST.INT.RCPT.CD,,,,,,,,,,,,,,,,,,,,,,,,,,,,,,,,,,,,145000000,232000000,205000000,158000000,202000000,125000000,81000000,76000000,61000000,194000000,99000000,338000000,365000000,294000000,129000000,135000000,164000000,174000000,183000000,186000000,191000000,194000000,158000000,191000000,285000000,66000000,